Date,Open,High,Low,Close,Adj Close,Volume
2014-01-06,8380.000000,8410.000000,8280.000000,8300.000000,7414.111328,956100
2014-01-07,8310.000000,8320.000000,8140.000000,8170.000000,7297.984863,1091300
2014-01-08,8150.000000,8230.000000,8150.000000,8190.000000,7315.852051,871500
2014-01-09,8140.000000,8190.000000,8110.000000,8170.000000,7297.984863,1324200
2014-01-10,8100.000000,8180.000000,8080.000000,8130.000000,7262.255371,1718600
2014-01-14,8070.000000,8088.000000,7914.000000,7940.000000,7092.533691,1630500
2014-01-15,8095.000000,8208.000000,8008.000000,8206.000000,7330.143555,1407600
2014-01-16,8270.000000,8297.000000,8215.000000,8243.000000,7363.193848,1218400
2014-01-17,8262.000000,8290.000000,8201.000000,8244.000000,7364.087891,1155300
2014-01-20,8298.000000,8309.000000,8129.000000,8149.000000,7279.227539,784900
2014-01-21,8152.000000,8196.000000,8074.000000,8075.000000,7213.125977,876000
2014-01-22,8073.000000,8109.000000,7990.000000,8082.000000,7219.378906,1430800
2014-01-23,8062.000000,8063.000000,7950.000000,7950.000000,7101.467773,1681500
2014-01-24,7921.000000,7965.000000,7830.000000,7864.000000,7024.646484,1825500
2014-01-27,7709.000000,7760.000000,7636.000000,7705.000000,6882.618164,1438900
2014-01-28,7712.000000,7751.000000,7655.000000,7696.000000,6874.577637,1336000
2014-01-29,7757.000000,7967.000000,7737.000000,7882.000000,7040.724609,1162600
2014-01-30,7788.000000,7844.000000,7674.000000,7702.000000,6879.937012,1390500
2014-01-31,7700.000000,7751.000000,7610.000000,7632.000000,6817.408691,1366600
2014-02-03,7631.000000,7769.000000,7629.000000,7629.000000,6814.729004,1057000
2014-02-04,7424.000000,7531.000000,7361.000000,7364.000000,6578.012695,2109000
2014-02-05,7455.000000,7650.000000,7416.000000,7610.000000,6797.757324,2028200
2014-02-06,7635.000000,7657.000000,7509.000000,7520.000000,6717.362793,1296600
2014-02-07,7617.000000,7634.000000,7536.000000,7583.000000,6773.638672,948600
2014-02-10,7688.000000,7717.000000,7619.000000,7689.000000,6868.325195,849200
2014-02-12,7791.000000,7823.000000,7607.000000,7621.000000,6807.582031,1490300
2014-02-13,7555.000000,7639.000000,7487.000000,7503.000000,6702.177246,1098000
2014-02-14,7584.000000,7720.000000,7465.000000,7543.000000,6737.907227,1360000
2014-02-17,7513.000000,7620.000000,7414.000000,7455.000000,6659.300781,1058500
2014-02-18,7505.000000,7688.000000,7448.000000,7678.000000,6858.498535,1396500
2014-02-19,7704.000000,7704.000000,7552.000000,7586.000000,6776.318359,911800
2014-02-20,7552.000000,7632.000000,7524.000000,7558.000000,6751.306641,1202400
2014-02-21,7650.000000,7733.000000,7636.000000,7723.000000,6898.696289,865600
2014-02-24,7691.000000,7693.000000,7504.000000,7583.000000,6773.638672,1925300
2014-02-25,7650.000000,7825.000000,7620.000000,7805.000000,6971.944824,1416500
2014-02-26,7799.000000,7890.000000,7766.000000,7875.000000,7034.472656,1195900
2014-02-27,7878.000000,7979.000000,7853.000000,7892.000000,7049.656738,1630200
2014-02-28,7926.000000,7957.000000,7781.000000,7942.000000,7094.320801,1906200
2014-03-03,7894.000000,7933.000000,7711.000000,7838.000000,7001.421875,1073400
2014-03-04,7740.000000,7877.000000,7712.000000,7836.000000,6999.635254,744800
2014-03-05,7869.000000,7898.000000,7796.000000,7802.000000,6969.264160,1036200
2014-03-06,7756.000000,7770.000000,7660.000000,7742.000000,6915.667969,1926900
2014-03-07,7786.000000,7869.000000,7760.000000,7869.000000,7029.112793,1368700
2014-03-10,7810.000000,7835.000000,7737.000000,7782.000000,6951.398438,851100
2014-03-11,7849.000000,7879.000000,7779.000000,7867.000000,7027.327148,742800
2014-03-12,7776.000000,7790.000000,7705.000000,7718.000000,6894.229492,999300
2014-03-13,7722.000000,7795.000000,7701.000000,7760.000000,6931.747070,977200
2014-03-14,7594.000000,7607.000000,7432.000000,7434.000000,6640.541992,2109200
2014-03-17,7432.000000,7434.000000,7292.000000,7376.000000,6588.731445,1099200
2014-03-18,7475.000000,7490.000000,7372.000000,7381.000000,6593.199707,853000
2014-03-19,7395.000000,7446.000000,7300.000000,7346.000000,6561.934570,1215600
2014-03-20,7360.000000,7363.000000,7141.000000,7161.000000,6396.681152,1979100
2014-03-24,7105.000000,7368.000000,7105.000000,7340.000000,6556.575195,2317600
2014-03-25,7449.000000,7588.000000,7447.000000,7507.000000,6705.750977,1771300
2014-03-26,7546.000000,7579.000000,7363.000000,7452.000000,6656.620605,1260000
2014-03-27,7352.000000,7388.000000,7165.000000,7376.000000,6642.211426,1688600
2014-03-28,7351.000000,7490.000000,7322.000000,7487.000000,6742.168945,1133200
2014-03-31,7637.000000,7639.000000,7510.000000,7606.000000,6849.332031,1126300
2014-04-01,7575.000000,7598.000000,7465.000000,7538.000000,6788.096191,822800
2014-04-02,7500.000000,7644.000000,7455.000000,7512.000000,6764.682617,1371700
2014-04-03,7521.000000,7654.000000,7501.000000,7639.000000,6879.048828,1071600
2014-04-04,7625.000000,7739.000000,7590.000000,7727.000000,6958.293945,1070100
2014-04-07,7625.000000,7665.000000,7570.000000,7646.000000,6885.352539,849200
2014-04-08,7572.000000,7596.000000,7466.000000,7541.000000,6790.797852,881900
2014-04-09,7470.000000,7500.000000,7359.000000,7389.000000,6653.919434,1211400
2014-04-10,7406.000000,7446.000000,7348.000000,7388.000000,6653.018066,1297500
2014-04-11,7238.000000,7369.000000,7209.000000,7310.000000,6582.778320,1129300
2014-04-14,7283.000000,7427.000000,7283.000000,7349.000000,6617.898438,876100
2014-04-15,7385.000000,7400.000000,7260.000000,7273.000000,6549.458984,915000
2014-04-16,7342.000000,7426.000000,7316.000000,7413.000000,6675.530762,674600
2014-04-17,7433.000000,7569.000000,7416.000000,7522.000000,6773.687500,1035200
2014-04-18,7530.000000,7540.000000,7468.000000,7494.000000,6748.474609,491500
2014-04-21,7506.000000,7581.000000,7483.000000,7508.000000,6761.080566,374700
2014-04-22,7521.000000,7597.000000,7506.000000,7516.000000,6768.285645,642100
2014-04-23,7537.000000,7575.000000,7502.000000,7539.000000,6788.997559,717900
2014-04-24,7510.000000,7510.000000,7348.000000,7405.000000,6668.327637,843300
2014-04-25,7447.000000,7497.000000,7388.000000,7433.000000,6693.541504,753000
2014-04-28,7400.000000,7420.000000,7287.000000,7389.000000,6653.919434,824200
2014-04-30,7400.000000,7453.000000,7333.000000,7453.000000,6711.552734,1536400
2014-05-01,7449.000000,7520.000000,7327.000000,7402.000000,6665.625488,1496000
2014-05-02,7360.000000,7413.000000,7310.000000,7409.000000,6671.930176,1236100
2014-05-07,7360.000000,7370.000000,7220.000000,7272.000000,6548.559082,1546100
2014-05-08,7282.000000,7426.000000,7282.000000,7400.000000,6663.824219,1187100
2014-05-09,7386.000000,7574.000000,7378.000000,7560.000000,6807.908203,1370300
2014-05-12,7512.000000,7637.000000,7512.000000,7581.000000,6826.818359,883300
2014-05-13,7680.000000,7745.000000,7661.000000,7684.000000,6919.571289,1053600
2014-05-14,7669.000000,7700.000000,7598.000000,7634.000000,6874.545898,834500
2014-05-15,7560.000000,7675.000000,7482.000000,7672.000000,6908.764648,950900
2014-05-16,7500.000000,7519.000000,7370.000000,7436.000000,6696.243652,1434700
2014-05-19,7436.000000,7550.000000,7436.000000,7489.000000,6743.971191,696100
2014-05-20,7527.000000,7578.000000,7437.000000,7496.000000,6750.274414,647500
2014-05-21,7490.000000,7566.000000,7487.000000,7540.000000,6789.897461,888700
2014-05-22,7554.000000,7591.000000,7540.000000,7568.000000,6815.111328,943300
2014-05-23,7587.000000,7676.000000,7569.000000,7617.000000,6859.237305,832500
2014-05-26,7700.000000,7700.000000,7647.000000,7700.000000,6933.979980,577800
2014-05-27,7701.000000,7778.000000,7688.000000,7739.000000,6969.100098,882000
2014-05-28,7647.000000,7690.000000,7601.000000,7620.000000,6861.938965,1755700
2014-05-29,7600.000000,7713.000000,7544.000000,7694.000000,6928.576172,1619000
2014-05-30,7686.000000,7780.000000,7624.000000,7765.000000,6992.513184,1389000
2014-06-02,7680.000000,7856.000000,7680.000000,7849.000000,7068.156250,1163500
2014-06-03,7900.000000,7926.000000,7880.000000,7902.000000,7115.884766,820800
2014-06-04,7922.000000,7975.000000,7903.000000,7974.000000,7180.721680,827900
2014-06-05,7985.000000,7987.000000,7862.000000,7880.000000,7096.072266,876800
2014-06-06,7881.000000,7897.000000,7750.000000,7752.000000,6980.806152,1517500
2014-06-09,7845.000000,7846.000000,7769.000000,7789.000000,7014.125977,648000
2014-06-10,7836.000000,7890.000000,7827.000000,7881.000000,7096.973145,994000
2014-06-11,7897.000000,7918.000000,7845.000000,7910.000000,7123.088379,1047400
2014-06-12,7797.000000,7809.000000,7723.000000,7803.000000,7026.733398,1055300
2014-06-13,7709.000000,7812.000000,7700.000000,7787.000000,7012.325195,1313200
2014-06-16,7767.000000,7774.000000,7689.000000,7729.000000,6960.095215,955300
2014-06-17,7729.000000,7786.000000,7696.000000,7710.000000,6942.983887,850400
2014-06-18,7730.000000,7846.000000,7726.000000,7820.000000,7042.041992,1006000
2014-06-19,7778.000000,8001.000000,7777.000000,7994.000000,7198.731934,1831100
2014-06-20,7985.000000,8045.000000,7953.000000,8015.000000,7217.642578,1427200
2014-06-23,7997.000000,7997.000000,7937.000000,7945.000000,7154.606934,908500
2014-06-24,7952.000000,7979.000000,7890.000000,7946.000000,7155.507813,561700
2014-06-25,7945.000000,7969.000000,7930.000000,7950.000000,7159.108887,582700
2014-06-26,7949.000000,7997.000000,7910.000000,7912.000000,7124.889160,762400
2014-06-27,7898.000000,7951.000000,7816.000000,7884.000000,7099.675781,1003900
2014-06-30,7895.000000,7979.000000,7794.000000,7979.000000,7185.223633,1157400
2014-07-01,8000.000000,8079.000000,7969.000000,8043.000000,7242.857910,930900
2014-07-02,8100.000000,8116.000000,8070.000000,8094.000000,7288.784180,836700
2014-07-03,8140.000000,8170.000000,8073.000000,8093.000000,7287.882813,1013800
2014-07-04,8175.000000,8175.000000,8130.000000,8157.000000,7345.515137,959000
2014-07-07,8159.000000,8183.000000,8125.000000,8162.000000,7350.018066,849900
2014-07-08,8146.000000,8176.000000,8083.000000,8140.000000,7330.207031,880200
2014-07-09,8065.000000,8163.000000,8028.000000,8163.000000,7350.919434,862200
2014-07-10,8200.000000,8200.000000,8103.000000,8108.000000,7301.389648,748000
2014-07-11,8030.000000,8067.000000,7990.000000,8057.000000,7255.464844,919500
2014-07-14,8057.000000,8126.000000,8028.000000,8099.000000,7293.286133,749900
2014-07-15,8150.000000,8206.000000,8133.000000,8139.000000,7329.307129,840800
2014-07-16,8093.000000,8126.000000,8075.000000,8106.000000,7299.589844,935500
2014-07-17,8156.000000,8279.000000,8129.000000,8261.000000,7439.169434,1420500
2014-07-18,8260.000000,8552.000000,8177.000000,8548.000000,7697.619141,2523600
2014-07-22,8547.000000,8700.000000,8545.000000,8616.000000,7758.852539,1557100
2014-07-23,8600.000000,8619.000000,8561.000000,8578.000000,7724.634277,804800
2014-07-24,8578.000000,8633.000000,8488.000000,8533.000000,7684.110352,1093300
2014-07-25,8498.000000,8570.000000,8493.000000,8556.000000,7704.822266,743000
2014-07-28,8556.000000,8585.000000,8512.000000,8533.000000,7684.110352,670600
2014-07-29,8526.000000,8526.000000,8451.000000,8471.000000,7628.278320,950700
2014-07-30,8420.000000,8462.000000,8382.000000,8427.000000,7588.655273,954000
2014-07-31,8380.000000,8382.000000,8308.000000,8322.000000,7494.101074,1233100
2014-08-01,8215.000000,8342.000000,8201.000000,8282.000000,7458.080566,877300
2014-08-04,8201.000000,8309.000000,8176.000000,8241.000000,7421.159668,843700
2014-08-05,8200.000000,8229.000000,8108.000000,8119.000000,7311.297363,932000
2014-08-06,8050.000000,8070.000000,7962.000000,8041.000000,7241.056152,1305800
2014-08-07,8114.000000,8147.000000,8002.000000,8146.000000,7335.610840,772600
2014-08-08,8083.000000,8130.000000,7973.000000,7985.000000,7190.627441,1031400
2014-08-11,8113.000000,8157.000000,8034.000000,8133.000000,7323.903320,769400
2014-08-12,8150.000000,8215.000000,8135.000000,8191.000000,7376.133789,469600
2014-08-13,8222.000000,8273.000000,8195.000000,8262.000000,7440.070313,520100
2014-08-14,8295.000000,8307.000000,8266.000000,8291.000000,7466.185547,525700
2014-08-15,8260.000000,8297.000000,8191.000000,8251.000000,7430.164551,862400
2014-08-18,8245.000000,8259.000000,8206.000000,8230.000000,7411.252930,557500
2014-08-19,8295.000000,8333.000000,8231.000000,8319.000000,7491.399414,813900
2014-08-20,8337.000000,8345.000000,8204.000000,8223.000000,7404.950195,951200
2014-08-21,8246.000000,8285.000000,8225.000000,8277.000000,7453.577637,705900
2014-08-22,8300.000000,8395.000000,8269.000000,8394.000000,7558.938477,1240700
2014-08-25,8400.000000,8429.000000,8356.000000,8370.000000,7537.326172,640000
2014-08-26,8364.000000,8365.000000,8180.000000,8197.000000,7381.537109,1174700
2014-08-27,8152.000000,8170.000000,8057.000000,8110.000000,7303.191895,1658500
2014-08-28,8110.000000,8112.000000,8045.000000,8095.000000,7289.683594,816000
2014-08-29,8061.000000,8128.000000,8061.000000,8083.000000,7278.877930,843200
2014-09-01,8080.000000,8119.000000,8072.000000,8093.000000,7287.882813,398300
2014-09-02,8113.000000,8208.000000,8064.000000,8191.000000,7376.133789,841000
2014-09-03,8221.000000,8230.000000,8170.000000,8184.000000,7369.830078,628300
2014-09-04,8184.000000,8191.000000,8097.000000,8120.000000,7312.196289,601200
2014-09-05,8121.000000,8147.000000,8035.000000,8055.000000,7253.663574,783100
2014-09-08,8107.000000,8128.000000,8058.000000,8100.000000,7294.186523,692200
2014-09-09,8139.000000,8150.000000,8040.000000,8041.000000,7241.056152,717100
2014-09-10,8010.000000,8071.000000,7998.000000,8068.000000,7265.370605,868200
2014-09-11,8129.000000,8130.000000,8055.000000,8111.000000,7304.092285,839400
2014-09-12,8078.000000,8117.000000,8053.000000,8080.000000,7276.176758,1495000
2014-09-16,8067.000000,8119.000000,8041.000000,8088.000000,7283.379883,488200
2014-09-17,8090.000000,8136.000000,8007.000000,8007.000000,7210.438477,787500
2014-09-18,8070.000000,8075.000000,8019.000000,8025.000000,7226.647949,762500
2014-09-19,8060.000000,8146.000000,8025.000000,8109.000000,7302.290527,1084200
2014-09-22,8145.000000,8166.000000,8043.000000,8104.000000,7297.790039,837500
2014-09-24,8105.000000,8210.000000,8103.000000,8191.000000,7376.133789,1063600
2014-09-25,8233.000000,8278.000000,8200.000000,8269.000000,7446.374023,937700
2014-09-26,8100.000000,8115.000000,8075.000000,8106.000000,7352.941895,1363300
2014-09-29,8160.000000,8245.000000,8137.000000,8228.000000,7463.608887,810600
2014-09-30,8244.000000,8264.000000,8120.000000,8220.000000,7456.353027,1165100
2014-10-01,8129.000000,8299.000000,8124.000000,8260.000000,7492.636230,900000
2014-10-02,8199.000000,8207.000000,8072.000000,8089.000000,7337.520996,1545500
2014-10-03,8084.000000,8186.000000,8070.000000,8089.000000,7337.520996,1142900
2014-10-06,8175.000000,8180.000000,8095.000000,8101.000000,7348.407227,976300
2014-10-07,8168.000000,8272.000000,8133.000000,8151.000000,7393.763184,1186600
2014-10-08,8100.000000,8158.000000,8067.000000,8132.000000,7376.527832,1180300
2014-10-09,8150.000000,8176.000000,8074.000000,8085.000000,7333.893555,949200
2014-10-10,7978.000000,8119.000000,7978.000000,8075.000000,7324.823242,1634900
2014-10-14,7960.000000,8031.000000,7832.000000,7853.000000,7123.447754,2398100
2014-10-15,7910.000000,7929.000000,7797.000000,7869.000000,7137.959473,1680800
2014-10-16,7719.000000,7805.000000,7701.000000,7745.000000,7025.479980,1573500
2014-10-17,7809.000000,7819.000000,7623.000000,7632.000000,6922.977539,1470000
2014-10-20,7850.000000,8053.000000,7831.000000,8014.000000,7269.490723,1693700
2014-10-21,8000.000000,8062.000000,7764.000000,7798.000000,7073.557129,1593900
2014-10-22,7948.000000,8069.000000,7903.000000,8067.000000,7317.564941,1356700
2014-10-23,8065.000000,8124.000000,7994.000000,8103.000000,7350.221680,1224600
2014-10-24,8200.000000,8200.000000,8110.000000,8162.000000,7403.739746,1169000
2014-10-27,8196.000000,8294.000000,8169.000000,8274.000000,7505.334961,1138900
2014-10-28,8258.000000,8335.000000,8200.000000,8288.000000,7518.035645,896300
2014-10-29,8245.000000,8288.000000,8167.000000,8282.000000,7512.592285,1090200
2014-10-30,8248.000000,8329.000000,8192.000000,8252.000000,7485.379395,1940400
2014-10-31,8346.000000,8675.000000,8330.000000,8645.000000,7841.869141,3174800
2014-11-04,8849.000000,8964.000000,8791.000000,8856.000000,8033.266113,3071300
2014-11-05,8844.000000,8872.000000,8772.000000,8870.000000,8045.966797,1742200
2014-11-06,8860.000000,8874.000000,8638.000000,8640.000000,7837.333496,1471100
2014-11-07,8670.000000,8767.000000,8632.000000,8654.000000,7850.033203,1084500
2014-11-10,8577.000000,8698.000000,8570.000000,8698.000000,7889.945801,615000
2014-11-11,8696.000000,8791.000000,8651.000000,8776.000000,7960.698242,895600
2014-11-12,8800.000000,8900.000000,8768.000000,8828.000000,8007.868164,1134000
2014-11-13,8790.000000,8892.000000,8779.000000,8868.000000,8044.152832,1249100
2014-11-14,8912.000000,8989.000000,8851.000000,8947.000000,8115.812988,1455700
2014-11-17,8867.000000,8900.000000,8634.000000,8668.000000,7862.733887,1186600
2014-11-18,8835.000000,8930.000000,8834.000000,8916.000000,8087.693359,1015300
2014-11-19,8955.000000,9005.000000,8911.000000,8977.000000,8143.025879,1346600
2014-11-20,9000.000000,9030.000000,8873.000000,8880.000000,8055.037109,951300
2014-11-21,8855.000000,8957.000000,8827.000000,8935.000000,8104.927734,771400
2014-11-25,9000.000000,9016.000000,8914.000000,8983.000000,8148.467285,1157800
2014-11-26,8964.000000,8993.000000,8897.000000,8897.000000,8070.457520,748400
2014-11-27,8920.000000,8938.000000,8761.000000,8780.000000,7964.327148,648700
2014-11-28,8810.000000,8910.000000,8760.000000,8897.000000,8070.457520,1029400
2014-12-01,8973.000000,9065.000000,8911.000000,8954.000000,8122.162109,1165600
2014-12-02,8876.000000,9018.000000,8863.000000,8997.000000,8161.168457,970500
2014-12-03,9000.000000,9007.000000,8866.000000,8902.000000,8074.995117,1039500
2014-12-04,8945.000000,8958.000000,8866.000000,8895.000000,8068.643066,926500
2014-12-05,8908.000000,8954.000000,8817.000000,8866.000000,8042.338867,938800
2014-12-08,8844.000000,8873.000000,8791.000000,8829.000000,8008.775391,1032100
2014-12-09,8870.000000,8946.000000,8855.000000,8900.000000,8073.177734,1838400
2014-12-10,8776.000000,8910.000000,8593.000000,8681.000000,7874.524414,1672000
2014-12-11,8590.000000,8712.000000,8582.000000,8691.000000,7883.595215,1033300
2014-12-12,8729.000000,8764.000000,8625.000000,8626.000000,7824.634766,1723500
2014-12-15,8557.000000,8674.000000,8553.000000,8630.000000,7828.261719,833000
2014-12-16,8592.000000,8688.000000,8570.000000,8643.000000,7840.055176,1288600
2014-12-17,8677.000000,8734.000000,8603.000000,8638.000000,7835.520020,1400800
2014-12-18,8811.000000,8908.000000,8794.000000,8880.000000,8055.037109,1342900
2014-12-19,9000.000000,9050.000000,8950.000000,9050.000000,8209.243164,1294000
2014-12-22,9060.000000,9094.000000,8975.000000,9032.000000,8192.914063,909500
2014-12-24,9100.000000,9253.000000,9099.000000,9232.000000,8374.335938,1024700
2014-12-25,9190.000000,9216.000000,9154.000000,9200.000000,8345.308594,435600
2014-12-26,9250.000000,9267.000000,9167.000000,9181.000000,8328.074219,401700
2014-12-29,9240.000000,9258.000000,9084.000000,9217.000000,8360.731445,639700
2014-12-30,9249.000000,9268.000000,9121.000000,9123.000000,8275.461914,644400
2015-01-05,9056.000000,9105.000000,8932.000000,9032.000000,8192.914063,723300
2015-01-06,8886.000000,8936.000000,8821.000000,8823.000000,8003.332031,998500
2015-01-07,8734.000000,8803.000000,8710.000000,8772.000000,7957.072266,781100
2015-01-08,8921.000000,8970.000000,8851.000000,8900.000000,8073.177734,1006600
2015-01-09,8984.000000,8990.000000,8840.000000,8879.000000,8054.128906,584800
2015-01-13,8751.000000,8901.000000,8717.000000,8901.000000,8074.085449,767200
2015-01-14,8834.000000,8971.000000,8834.000000,8958.000000,8125.791504,793800
2015-01-15,8992.000000,9046.000000,8931.000000,9009.000000,8172.054199,973500
2015-01-16,8858.000000,9006.000000,8785.000000,9003.000000,8166.611328,1171400
2015-01-19,9045.000000,9050.000000,8918.000000,8946.000000,8114.907227,748300
2015-01-20,8990.000000,9109.000000,8968.000000,9109.000000,8262.761719,955500
2015-01-21,9134.000000,9217.000000,9091.000000,9211.000000,8355.287109,1036300
2015-01-22,9201.000000,9209.000000,9080.000000,9169.000000,8317.188477,579800
2015-01-23,9200.000000,9200.000000,9091.000000,9156.000000,8305.396484,732900
2015-01-26,9079.000000,9134.000000,9060.000000,9132.000000,8283.625000,747300
2015-01-27,9197.000000,9298.000000,9180.000000,9293.000000,8429.668945,1073500
2015-01-28,9152.000000,9287.000000,9151.000000,9272.000000,8410.619141,1058400
2015-01-29,9200.000000,9291.000000,9181.000000,9207.000000,8351.660156,936600
2015-01-30,9299.000000,9300.000000,9110.000000,9130.000000,8281.813477,768000
2015-02-02,9100.000000,9395.000000,9072.000000,9373.000000,8502.236328,1203800
2015-02-03,9400.000000,9469.000000,9065.000000,9130.000000,8281.813477,1374800
2015-02-04,9298.000000,9448.000000,9280.000000,9408.000000,8533.987305,1247400
2015-02-05,9450.000000,9523.000000,9269.000000,9319.000000,8453.252930,1218800
2015-02-06,9325.000000,9334.000000,9168.000000,9277.000000,8415.154297,1248100
2015-02-09,9360.000000,9360.000000,9108.000000,9140.000000,8290.883789,1211200
2015-02-10,9181.000000,9317.000000,9168.000000,9310.000000,8445.091797,1076900
2015-02-12,9449.000000,9659.000000,9442.000000,9637.000000,8741.710938,1567500
2015-02-13,9613.000000,9646.000000,9546.000000,9598.000000,8706.335938,947600
2015-02-16,9680.000000,9775.000000,9640.000000,9709.000000,8807.022461,936200
2015-02-17,9722.000000,9919.000000,9722.000000,9823.000000,8910.430664,1137400
2015-02-18,9941.000000,10030.000000,9919.000000,9998.000000,9069.172852,1379300
2015-02-19,9990.000000,10065.000000,9941.000000,9989.000000,9061.010742,1185200
2015-02-20,10000.000000,10100.000000,9970.000000,10050.000000,9116.342773,913200
2015-02-23,10055.000000,10175.000000,10050.000000,10115.000000,9175.304688,911900
2015-02-24,10095.000000,10265.000000,10065.000000,10265.000000,9311.368164,1270300
2015-02-25,10235.000000,10260.000000,10030.000000,10050.000000,9116.342773,1273900
2015-02-26,10040.000000,10245.000000,10000.000000,10215.000000,9266.014648,1018000
2015-02-27,10175.000000,10180.000000,10035.000000,10035.000000,9102.736328,1343900
2015-03-02,10040.000000,10145.000000,10010.000000,10120.000000,9179.839844,859500
2015-03-03,10175.000000,10185.000000,10050.000000,10165.000000,9220.661133,781100
2015-03-04,10095.000000,10110.000000,9986.000000,10055.000000,9120.879883,699200
2015-03-05,10005.000000,10070.000000,9995.000000,10055.000000,9120.879883,603100
2015-03-06,10050.000000,10175.000000,10030.000000,10155.000000,9211.589844,768300
2015-03-09,10120.000000,10130.000000,10010.000000,10045.000000,9111.806641,922700
2015-03-10,10110.000000,10165.000000,10050.000000,10135.000000,9193.445313,722500
2015-03-11,10100.000000,10235.000000,10090.000000,10170.000000,9225.195313,800600
2015-03-12,10175.000000,10300.000000,10150.000000,10265.000000,9311.368164,940300
2015-03-13,10370.000000,10400.000000,10270.000000,10280.000000,9324.974609,1723300
2015-03-16,10230.000000,10335.000000,10230.000000,10245.000000,9293.228516,749100
2015-03-17,10380.000000,10450.000000,10315.000000,10405.000000,9438.363281,875600
2015-03-18,10400.000000,10465.000000,10335.000000,10445.000000,9474.646484,818200
2015-03-19,10490.000000,10680.000000,10405.000000,10440.000000,9470.111328,1110100
2015-03-20,10500.000000,10500.000000,10345.000000,10415.000000,9447.433594,760100
2015-03-23,10380.000000,10550.000000,10365.000000,10520.000000,9542.679688,1019500
2015-03-24,10465.000000,10515.000000,10355.000000,10390.000000,9424.755859,798500
2015-03-25,10425.000000,10535.000000,10370.000000,10535.000000,9556.284180,1036000
2015-03-26,10460.000000,10525.000000,10255.000000,10310.000000,9352.188477,1085900
2015-03-27,10215.000000,10330.000000,10035.000000,10155.000000,9265.511719,1093900
2015-03-30,10250.000000,10295.000000,10020.000000,10035.000000,9156.020508,1144400
2015-03-31,10035.000000,10060.000000,9635.000000,9640.000000,8795.620117,2964900
2015-04-01,9693.000000,9857.000000,9650.000000,9776.000000,8919.707031,1980000
2015-04-02,9893.000000,10295.000000,9890.000000,10155.000000,9265.511719,1925300
2015-04-03,10110.000000,10235.000000,10075.000000,10185.000000,9292.881836,821100
2015-04-06,10090.000000,10160.000000,10015.000000,10135.000000,9247.260742,388200
2015-04-07,10210.000000,10335.000000,10185.000000,10300.000000,9397.809570,792600
2015-04-08,10350.000000,10395.000000,10255.000000,10355.000000,9447.991211,785900
2015-04-09,10410.000000,10460.000000,10350.000000,10390.000000,9479.925781,916400
2015-04-10,10315.000000,10385.000000,10250.000000,10330.000000,9425.182617,876700
2015-04-13,10300.000000,10315.000000,10160.000000,10220.000000,9324.815430,828700
2015-04-14,10260.000000,10340.000000,10225.000000,10315.000000,9411.495117,606500
2015-04-15,10380.000000,10755.000000,10380.000000,10725.000000,9785.583008,2315100
2015-04-16,10800.000000,10890.000000,10525.000000,10605.000000,9676.092773,1496100
2015-04-17,10720.000000,10845.000000,10620.000000,10670.000000,9735.399414,1145000
2015-04-20,10525.000000,10760.000000,10370.000000,10625.000000,9694.341797,668200
2015-04-21,10660.000000,10850.000000,10600.000000,10850.000000,9899.634766,1047800
2015-04-22,10900.000000,10930.000000,10730.000000,10745.000000,9803.829102,1072900
2015-04-23,10720.000000,10830.000000,10570.000000,10665.000000,9730.839844,1113300
2015-04-24,10740.000000,10785.000000,10645.000000,10755.000000,9812.954102,681300
2015-04-27,10650.000000,10800.000000,10600.000000,10800.000000,9854.013672,717400
2015-04-28,10800.000000,10945.000000,10735.000000,10925.000000,9968.064453,826200
2015-04-30,10990.000000,11025.000000,10580.000000,10595.000000,9666.969727,1979300
2015-05-01,10555.000000,10705.000000,10425.000000,10560.000000,9635.037109,1278900
2015-05-07,10560.000000,10775.000000,10530.000000,10690.000000,9753.650391,1164600
2015-05-08,10795.000000,10830.000000,10700.000000,10770.000000,9826.641602,1139400
2015-05-11,10985.000000,11000.000000,10870.000000,10970.000000,10009.121094,1054400
2015-05-12,10955.000000,10955.000000,10740.000000,10915.000000,9958.940430,1023600
2015-05-13,10895.000000,10960.000000,10805.000000,10925.000000,9968.064453,839800
2015-05-14,10840.000000,10860.000000,10625.000000,10735.000000,9794.707031,1104300
2015-05-15,10810.000000,10955.000000,10755.000000,10955.000000,9995.437500,1003100
2015-05-18,10995.000000,11270.000000,10980.000000,11270.000000,10282.847656,1086200
2015-05-19,11400.000000,11520.000000,11370.000000,11400.000000,10401.458984,1331200
2015-05-20,11500.000000,11540.000000,11385.000000,11445.000000,10442.516602,1177500
2015-05-21,11445.000000,11475.000000,11250.000000,11330.000000,10337.589844,1149900
2015-05-22,11350.000000,11400.000000,11215.000000,11345.000000,10351.275391,875000
2015-05-25,11380.000000,11520.000000,11355.000000,11470.000000,10465.330078,698700
2015-05-26,11395.000000,11495.000000,11385.000000,11490.000000,10483.575195,733700
2015-05-27,11490.000000,11550.000000,11440.000000,11475.000000,10469.889648,797500
2015-05-28,11500.000000,11500.000000,11390.000000,11445.000000,10442.516602,828000
2015-05-29,11330.000000,11480.000000,11320.000000,11365.000000,10369.526367,1105800
2015-06-01,11230.000000,11370.000000,11185.000000,11335.000000,10342.150391,788000
2015-06-02,11270.000000,11355.000000,11195.000000,11195.000000,10214.416016,808700
2015-06-03,11160.000000,11240.000000,11110.000000,11160.000000,10182.479492,837700
2015-06-04,11100.000000,11125.000000,10980.000000,11040.000000,10072.991211,1002700
2015-06-05,11060.000000,11335.000000,11045.000000,11315.000000,10323.904297,1282600
2015-06-08,11280.000000,11330.000000,11180.000000,11265.000000,10278.283203,659400
2015-06-09,11110.000000,11195.000000,11080.000000,11080.000000,10109.487305,978300
2015-06-10,11000.000000,11020.000000,10890.000000,10930.000000,9972.626953,1188300
2015-06-11,11050.000000,11340.000000,11040.000000,11265.000000,10278.283203,1038800
2015-06-12,11220.000000,11280.000000,11065.000000,11110.000000,10136.862305,1600000
2015-06-15,11030.000000,11160.000000,10985.000000,11130.000000,10155.106445,755200
2015-06-16,11065.000000,11180.000000,10990.000000,11030.000000,10063.868164,760800
2015-06-17,11070.000000,11100.000000,10960.000000,10990.000000,10027.372070,459400
2015-06-18,10975.000000,10975.000000,10845.000000,10855.000000,9904.195313,725600
2015-06-19,11000.000000,11045.000000,10935.000000,10940.000000,9981.750977,560900
2015-06-22,10895.000000,11125.000000,10875.000000,11105.000000,10132.298828,613400
2015-06-23,11250.000000,11350.000000,11235.000000,11350.000000,10355.837891,810200
2015-06-24,11370.000000,11375.000000,11270.000000,11305.000000,10314.780273,836900
2015-06-25,11285.000000,11370.000000,11260.000000,11275.000000,10287.406250,612200
2015-06-26,11190.000000,11195.000000,11040.000000,11115.000000,10141.421875,878000
2015-06-29,10780.000000,11035.000000,10780.000000,10900.000000,9945.253906,903600
2015-06-30,11000.000000,11130.000000,10960.000000,11010.000000,10045.620117,1093000
2015-07-01,11005.000000,11030.000000,10910.000000,10945.000000,9986.312500,561900
2015-07-02,11100.000000,11120.000000,10970.000000,11085.000000,10114.049805,865100
2015-07-03,11100.000000,11160.000000,11045.000000,11070.000000,10100.364258,547700
2015-07-06,10915.000000,11040.000000,10830.000000,10960.000000,9999.999023,1017400
2015-07-07,11105.000000,11225.000000,11055.000000,11200.000000,10218.975586,837600
2015-07-08,11235.000000,11295.000000,11045.000000,11045.000000,10077.553711,1157000
2015-07-09,10900.000000,11170.000000,10830.000000,11010.000000,10045.620117,1524100
2015-07-10,11100.000000,11335.000000,11045.000000,11165.000000,10187.042969,1360000
2015-07-13,11290.000000,11495.000000,11200.000000,11470.000000,10465.330078,889100
2015-07-14,11560.000000,11635.000000,11455.000000,11550.000000,10538.320313,852400
2015-07-15,11685.000000,11790.000000,11630.000000,11780.000000,10748.174805,941400
2015-07-16,12000.000000,12080.000000,11880.000000,12050.000000,10994.524414,1300300
2015-07-17,12050.000000,12075.000000,11870.000000,11975.000000,10926.094727,668900
2015-07-21,11900.000000,12000.000000,11800.000000,11990.000000,10939.779297,880100
2015-07-22,12025.000000,12210.000000,12005.000000,12030.000000,10976.277344,788300
2015-07-23,12200.000000,12280.000000,12120.000000,12235.000000,11163.321289,730000
2015-07-24,12165.000000,12250.000000,12050.000000,12070.000000,11012.772461,604400
2015-07-27,11930.000000,12060.000000,11750.000000,11835.000000,10798.355469,918200
2015-07-28,11770.000000,11885.000000,11725.000000,11775.000000,10743.613281,860500
2015-07-29,11920.000000,11945.000000,11760.000000,11840.000000,10802.916016,633200
2015-07-30,12070.000000,12280.000000,12015.000000,12100.000000,11040.143555,1057700
2015-07-31,12175.000000,12280.000000,12145.000000,12250.000000,11177.005859,849700
2015-08-03,12250.000000,12250.000000,12060.000000,12215.000000,11145.071289,814300
2015-08-04,12365.000000,12490.000000,12295.000000,12490.000000,11395.986328,932200
2015-08-05,12500.000000,12815.000000,12475.000000,12545.000000,11446.166016,986400
2015-08-06,12750.000000,12755.000000,12445.000000,12470.000000,11377.734375,777000
2015-08-07,12420.000000,12430.000000,12165.000000,12295.000000,11218.064453,949200
2015-08-10,12220.000000,12465.000000,12160.000000,12455.000000,11364.050781,631400
2015-08-11,12545.000000,12630.000000,12180.000000,12360.000000,11277.369141,883900
2015-08-12,12240.000000,12530.000000,12230.000000,12320.000000,11240.875000,724400
2015-08-13,12280.000000,12320.000000,12160.000000,12275.000000,11199.816406,776400
2015-08-14,12300.000000,12495.000000,12290.000000,12330.000000,11249.999023,608800
2015-08-17,12415.000000,12515.000000,12375.000000,12500.000000,11405.107422,492100
2015-08-18,12545.000000,12545.000000,12330.000000,12360.000000,11277.369141,896700
2015-08-19,12250.000000,12355.000000,12090.000000,12090.000000,11031.020508,1017000
2015-08-20,12090.000000,12320.000000,12050.000000,12135.000000,11072.080078,880300
2015-08-21,11960.000000,12050.000000,11800.000000,11970.000000,10921.532227,1613900
2015-08-24,11520.000000,11670.000000,11025.000000,11025.000000,10059.304688,2089300
2015-08-25,10700.000000,11045.000000,10400.000000,10555.000000,9630.473633,2406100
2015-08-26,10855.000000,11140.000000,10625.000000,11085.000000,10114.049805,2008900
2015-08-27,11300.000000,11425.000000,11080.000000,11130.000000,10155.106445,1328200
2015-08-28,11430.000000,11480.000000,11180.000000,11265.000000,10278.283203,1103000
2015-08-31,11270.000000,11280.000000,11120.000000,11205.000000,10223.539063,851500
2015-09-01,11160.000000,11220.000000,10735.000000,10735.000000,9794.707031,1030400
2015-09-02,10445.000000,10890.000000,10440.000000,10655.000000,9721.714844,1087900
2015-09-03,10755.000000,10825.000000,10550.000000,10565.000000,9639.595703,1148900
2015-09-04,10790.000000,10860.000000,10340.000000,10490.000000,9571.166992,1194800
2015-09-07,10410.000000,10520.000000,10250.000000,10435.000000,9520.984375,924100
2015-09-08,10440.000000,10450.000000,10025.000000,10045.000000,9165.144531,886700
2015-09-09,10340.000000,10470.000000,10225.000000,10465.000000,9548.356445,1311400
2015-09-10,10220.000000,10280.000000,10060.000000,10195.000000,9302.006836,1234100
2015-09-11,10190.000000,10375.000000,10140.000000,10325.000000,9420.619141,1693300
2015-09-14,10450.000000,10455.000000,10240.000000,10265.000000,9365.874023,693300
2015-09-15,10375.000000,10545.000000,10270.000000,10340.000000,9434.307617,819800
2015-09-16,10510.000000,10550.000000,10390.000000,10500.000000,9580.290039,1017700
2015-09-17,10600.000000,10615.000000,10395.000000,10425.000000,9511.860352,900500
2015-09-18,10325.000000,10325.000000,10135.000000,10150.000000,9260.947266,1244400
2015-09-24,10230.000000,10340.000000,10085.000000,10175.000000,9283.756836,2158100
2015-09-25,10180.000000,10475.000000,10110.000000,10470.000000,9552.918945,1413100
2015-09-28,10395.000000,10485.000000,10250.000000,10340.000000,9493.241211,1425100
2015-09-29,10155.000000,10175.000000,9979.000000,9996.000000,9177.412109,1210300
2015-09-30,10130.000000,10155.000000,9972.000000,10055.000000,9231.581055,1099200
2015-10-01,10160.000000,10360.000000,10010.000000,10275.000000,9433.562500,852100
2015-10-02,10220.000000,10390.000000,10195.000000,10340.000000,9493.241211,709000
2015-10-05,10500.000000,10590.000000,10375.000000,10505.000000,9644.728516,732200
2015-10-06,10740.000000,10750.000000,10620.000000,10700.000000,9823.760742,740100
2015-10-07,10750.000000,10905.000000,10635.000000,10875.000000,9984.430664,1004300
2015-10-08,11000.000000,11080.000000,10915.000000,10945.000000,10048.698242,1312500
2015-10-09,11005.000000,11030.000000,10770.000000,10945.000000,10048.698242,922000
2015-10-13,10845.000000,11050.000000,10805.000000,10995.000000,10094.603516,801300
2015-10-14,10820.000000,10890.000000,10660.000000,10720.000000,9842.124023,881900
2015-10-15,10515.000000,10970.000000,10485.000000,10945.000000,10048.698242,813400
2015-10-16,11045.000000,11170.000000,11030.000000,11115.000000,10204.776367,875800
2015-10-19,11055.000000,11130.000000,10955.000000,11055.000000,10149.689453,622100
2015-10-20,11095.000000,11115.000000,10960.000000,11035.000000,10131.328125,620800
2015-10-21,11000.000000,11230.000000,10980.000000,11215.000000,10296.586914,674300
2015-10-22,11245.000000,11330.000000,11185.000000,11195.000000,10278.224609,784400
2015-10-23,11420.000000,11515.000000,11400.000000,11455.000000,10516.932617,1103100
2015-10-26,11710.000000,11730.000000,11435.000000,11450.000000,10512.340820,766600
2015-10-27,11415.000000,11535.000000,11310.000000,11365.000000,10434.302734,817000
2015-10-28,11365.000000,11405.000000,11270.000000,11340.000000,10411.348633,557400
2015-10-29,11710.000000,11710.000000,11375.000000,11380.000000,10448.074219,1061300
2015-10-30,11380.000000,11660.000000,11320.000000,11570.000000,10622.515625,1175200
2015-11-02,11410.000000,11450.000000,11300.000000,11345.000000,10415.941406,1151400
2015-11-04,11520.000000,11555.000000,11390.000000,11390.000000,10457.255859,1039700
2015-11-05,11465.000000,11580.000000,11360.000000,11510.000000,10567.429688,798000
2015-11-06,11580.000000,11685.000000,11485.000000,11560.000000,10613.334961,684100
2015-11-09,11640.000000,11810.000000,11580.000000,11720.000000,10760.231445,970800
2015-11-10,11670.000000,11815.000000,11600.000000,11795.000000,10829.090820,872100
2015-11-11,11760.000000,12080.000000,11745.000000,12020.000000,11035.666016,958000
2015-11-12,12030.000000,12185.000000,11985.000000,12065.000000,11076.980469,742300
2015-11-13,12000.000000,12090.000000,11940.000000,12045.000000,11058.616211,597300
2015-11-16,11785.000000,12015.000000,11770.000000,11895.000000,10920.901367,638100
2015-11-17,12065.000000,12170.000000,12000.000000,12020.000000,11035.666016,774800
2015-11-18,12115.000000,12210.000000,12060.000000,12085.000000,11095.341797,765900
2015-11-19,12210.000000,12350.000000,12205.000000,12275.000000,11269.782227,1045600
2015-11-20,12115.000000,12240.000000,12045.000000,12195.000000,11196.332031,807300
2015-11-24,12140.000000,12215.000000,12055.000000,12175.000000,11177.972656,999400
2015-11-25,12045.000000,12115.000000,11970.000000,12015.000000,11031.074219,831300
2015-11-26,12055.000000,12065.000000,11970.000000,12000.000000,11017.301758,803700
2015-11-27,12015.000000,12030.000000,11875.000000,11950.000000,10971.396484,786300
2015-11-30,11880.000000,11910.000000,11620.000000,11620.000000,10668.419922,1712200
2015-12-01,11745.000000,11840.000000,11650.000000,11700.000000,10741.868164,1112900
2015-12-02,11710.000000,11825.000000,11645.000000,11795.000000,10829.090820,1010200
2015-12-03,11800.000000,11865.000000,11680.000000,11740.000000,10778.595703,610400
2015-12-04,11480.000000,11520.000000,11410.000000,11520.000000,10576.611328,979900
2015-12-07,11720.000000,11825.000000,11705.000000,11725.000000,10764.822266,732500
2015-12-08,11795.000000,11820.000000,11550.000000,11555.000000,10608.743164,863500
2015-12-09,11460.000000,11515.000000,11410.000000,11435.000000,10498.572266,1084200
2015-12-10,11370.000000,11445.000000,11260.000000,11345.000000,10415.941406,848300
2015-12-11,11275.000000,11385.000000,11275.000000,11335.000000,10406.760742,1487700
2015-12-14,11135.000000,11265.000000,11030.000000,11250.000000,10328.721680,972400
2015-12-15,11290.000000,11375.000000,11040.000000,11050.000000,10145.098633,1047300
2015-12-16,11275.000000,11335.000000,11175.000000,11285.000000,10360.852539,823000
2015-12-17,11570.000000,11640.000000,11405.000000,11530.000000,10585.789063,1082000
2015-12-18,11570.000000,11800.000000,11365.000000,11365.000000,10434.302734,1451100
2015-12-21,11270.000000,11470.000000,11120.000000,11300.000000,10374.625977,1030100
2015-12-22,11315.000000,11620.000000,11310.000000,11530.000000,10585.789063,755800
2015-12-24,11530.000000,11550.000000,11375.000000,11375.000000,10443.483398,766700
2015-12-25,11375.000000,11375.000000,11375.000000,11375.000000,10443.483398,0
2015-12-28,11410.000000,11410.000000,11180.000000,11285.000000,10360.852539,721000
2015-12-29,11275.000000,11385.000000,11160.000000,11365.000000,10434.302734,703400
2015-12-30,11415.000000,11495.000000,11340.000000,11450.000000,10512.340820,723400
2016-01-04,11360.000000,11410.000000,11100.000000,11125.000000,10213.954102,748400
2016-01-05,11100.000000,11300.000000,11035.000000,11205.000000,10287.405273,896700
2016-01-06,11275.000000,11400.000000,11055.000000,11135.000000,10223.138672,699200
2016-01-07,11255.000000,11305.000000,11040.000000,11050.000000,10145.098633,1095000
2016-01-08,10950.000000,11180.000000,10855.000000,10875.000000,9984.430664,1100300
2016-01-12,10735.000000,10855.000000,10355.000000,10355.000000,9507.011719,1690000
2016-01-13,10560.000000,10655.000000,10460.000000,10655.000000,9782.446289,1182700
2016-01-14,10425.000000,10480.000000,10270.000000,10430.000000,9575.870117,986500
2016-01-15,10660.000000,10730.000000,10370.000000,10465.000000,9608.003906,895000
2016-01-18,10350.000000,10490.000000,10310.000000,10405.000000,9552.918945,1042400
2016-01-19,10410.000000,10505.000000,10335.000000,10435.000000,9580.462891,997700
2016-01-20,10410.000000,10420.000000,9940.000000,9945.000000,9130.589844,1387700
2016-01-21,10000.000000,10140.000000,9641.000000,9641.000000,8851.484375,1572700
2016-01-22,9900.000000,10135.000000,9729.000000,10110.000000,9282.077148,1622200
2016-01-25,10245.000000,10260.000000,9970.000000,10170.000000,9337.162109,1603400
2016-01-26,10165.000000,10165.000000,10005.000000,10065.000000,9240.762695,1108900
2016-01-27,10215.000000,10360.000000,10210.000000,10330.000000,9484.060547,1086000
2016-01-28,10335.000000,10505.000000,10275.000000,10370.000000,9520.786133,1023200
2016-01-29,10475.000000,11000.000000,10375.000000,10990.000000,10090.012695,1798800
2016-02-01,11500.000000,11500.000000,11040.000000,11325.000000,10397.579102,1664700
2016-02-02,11275.000000,11505.000000,11220.000000,11505.000000,10562.838867,1359700
2016-02-03,11250.000000,11405.000000,11110.000000,11360.000000,10429.711914,1231000
2016-02-04,11105.000000,11130.000000,10905.000000,11025.000000,10122.145508,1336400
2016-02-05,10635.000000,10825.000000,10570.000000,10775.000000,9892.619141,1266700
2016-02-08,10605.000000,10950.000000,10605.000000,10875.000000,9984.430664,991900
2016-02-09,10500.000000,10620.000000,10345.000000,10470.000000,9612.596680,1158800
2016-02-10,10605.000000,10650.000000,9827.000000,9947.000000,9132.425781,1736000
2016-02-12,9651.000000,9699.000000,9191.000000,9202.000000,8448.434570,2746400
2016-02-15,9820.000000,10245.000000,9726.000000,10145.000000,9314.211914,1802200
2016-02-16,10055.000000,10085.000000,9836.000000,9861.000000,9053.468750,1446700
2016-02-17,9892.000000,9935.000000,9469.000000,9603.000000,8816.595703,1900100
2016-02-18,9900.000000,9913.000000,9629.000000,9654.000000,8863.419922,1477700
2016-02-19,9588.000000,9781.000000,9527.000000,9698.000000,8903.817383,1389400
2016-02-22,9670.000000,10030.000000,9633.000000,9953.000000,9137.933594,1183200
2016-02-23,9980.000000,10045.000000,9808.000000,9880.000000,9070.912109,1078100
2016-02-24,9730.000000,9899.000000,9610.000000,9837.000000,9031.432617,1374800
2016-02-25,9900.000000,10155.000000,9846.000000,10090.000000,9263.714844,843600
2016-02-26,10265.000000,10330.000000,10025.000000,10080.000000,9254.535156,724400
2016-02-29,10290.000000,10290.000000,9916.000000,9916.000000,9103.961914,1493200
2016-03-01,9961.000000,10275.000000,9922.000000,10180.000000,9346.343750,1101700
2016-03-02,10400.000000,10410.000000,10185.000000,10275.000000,9433.562500,948700
2016-03-03,10255.000000,10285.000000,9980.000000,10145.000000,9314.211914,1149500
2016-03-04,10000.000000,10085.000000,9851.000000,10060.000000,9236.170898,1669100
2016-03-07,9998.000000,10020.000000,9826.000000,9860.000000,9052.548828,1417500
2016-03-08,9737.000000,9769.000000,9570.000000,9724.000000,8927.687500,1796700
2016-03-09,9730.000000,9869.000000,9606.000000,9659.000000,8868.009766,1496600
2016-03-10,9722.000000,9853.000000,9654.000000,9811.000000,9007.561523,878800
2016-03-11,9679.000000,9911.000000,9650.000000,9861.000000,9053.468750,1695500
2016-03-14,9946.000000,10040.000000,9852.000000,10000.000000,9181.085938,1112000
2016-03-15,10050.000000,10145.000000,9964.000000,10025.000000,9204.037109,715600
2016-03-16,9978.000000,10165.000000,9971.000000,10020.000000,9199.446289,729500
2016-03-17,10065.000000,10095.000000,9831.000000,9904.000000,9092.948242,1135400
2016-03-18,9931.000000,9941.000000,9745.000000,9907.000000,9095.699219,1334900
2016-03-22,10010.000000,10200.000000,9945.000000,10195.000000,9360.115234,1228100
2016-03-23,10125.000000,10280.000000,10040.000000,10235.000000,9396.841797,794800
2016-03-24,10235.000000,10345.000000,10130.000000,10150.000000,9318.801758,1035200
2016-03-25,10130.000000,10225.000000,10060.000000,10085.000000,9259.123047,816600
2016-03-28,10195.000000,10325.000000,10160.000000,10325.000000,9479.471680,1050900
2016-03-29,10180.000000,10225.000000,10060.000000,10140.000000,9368.598633,1048300
2016-03-30,10050.000000,10075.000000,9870.000000,9886.000000,9133.922852,1087000
2016-03-31,9907.000000,9977.000000,9692.000000,9713.000000,8974.083984,1428100
2016-04-01,9600.000000,9615.000000,9385.000000,9426.000000,8708.917969,1783200
2016-04-04,9474.000000,9620.000000,9450.000000,9509.000000,8785.602539,872700
2016-04-05,9426.000000,9474.000000,9162.000000,9174.000000,8476.088867,1501500
2016-04-06,9180.000000,9308.000000,9163.000000,9196.000000,8496.413086,1305200
2016-04-07,9204.000000,9411.000000,9204.000000,9407.000000,8691.361328,1081400
2016-04-08,9340.000000,9779.000000,9340.000000,9661.000000,8926.039063,1849900
2016-04-11,9657.000000,9699.000000,9562.000000,9650.000000,8915.875977,1171400
2016-04-12,9610.000000,9730.000000,9533.000000,9565.000000,8837.341797,1216300
2016-04-13,9691.000000,9720.000000,9566.000000,9639.000000,8905.712891,1366400
2016-04-14,9815.000000,10010.000000,9790.000000,10010.000000,9248.489258,2234700
2016-04-15,9925.000000,10065.000000,9907.000000,9996.000000,9235.553711,1030400
2016-04-18,9775.000000,9849.000000,9707.000000,9714.000000,8975.007813,915200
2016-04-19,9938.000000,10170.000000,9914.000000,10140.000000,9368.598633,1167900
2016-04-20,10200.000000,10285.000000,10170.000000,10250.000000,9470.231445,872000
2016-04-21,10350.000000,10365.000000,10200.000000,10330.000000,9544.144531,897200
2016-04-22,10135.000000,10360.000000,10125.000000,10325.000000,9539.526367,994500
2016-04-25,10330.000000,10330.000000,10135.000000,10185.000000,9410.175781,834100
2016-04-26,10185.000000,10240.000000,10115.000000,10230.000000,9451.751953,919100
2016-04-27,10240.000000,10255.000000,9982.000000,10050.000000,9285.446289,806600
2016-04-28,10210.000000,10275.000000,9710.000000,9824.000000,9076.639648,1437100
2016-05-02,9430.000000,9505.000000,9276.000000,9356.000000,8644.242188,1564400
2016-05-06,9656.000000,9664.000000,9549.000000,9616.000000,8884.462891,1403100
2016-05-09,9641.000000,9691.000000,9580.000000,9630.000000,8897.397461,901500
2016-05-10,9618.000000,9857.000000,9597.000000,9846.000000,9096.966797,909700
2016-05-11,9900.000000,9938.000000,9682.000000,9712.000000,8973.159180,929300
2016-05-12,9672.000000,9902.000000,9655.000000,9897.000000,9144.084961,1003200
2016-05-13,9961.000000,9970.000000,9788.000000,9792.000000,9047.075195,978900
2016-05-16,9802.000000,9919.000000,9746.000000,9789.000000,9044.300781,590700
2016-05-17,9890.000000,9964.000000,9809.000000,9930.000000,9174.573242,698200
2016-05-18,9806.000000,9971.000000,9806.000000,9931.000000,9175.499023,1101100
2016-05-19,9980.000000,10025.000000,9871.000000,9915.000000,9160.715820,675400
2016-05-20,9870.000000,9895.000000,9777.000000,9868.000000,9117.292969,726600
2016-05-23,9784.000000,9850.000000,9614.000000,9770.000000,9026.745117,782100
2016-05-24,9697.000000,9736.000000,9623.000000,9640.000000,8906.637695,919400
2016-05-25,9726.000000,9776.000000,9680.000000,9749.000000,9007.344727,619600
2016-05-26,9897.000000,9963.000000,9834.000000,9862.000000,9111.749023,888800
2016-05-27,9963.000000,10025.000000,9893.000000,9942.000000,9185.662109,749800
2016-05-30,10025.000000,10090.000000,9950.000000,10080.000000,9313.163086,488900
2016-05-31,9973.000000,10155.000000,9940.000000,10135.000000,9363.978516,883200
2016-06-01,10010.000000,10070.000000,9835.000000,9852.000000,9102.509766,1070700
2016-06-02,9795.000000,9800.000000,9565.000000,9582.000000,8853.049805,1240900
2016-06-03,9596.000000,9778.000000,9596.000000,9776.000000,9032.290039,1098700
2016-06-06,9684.000000,9906.000000,9650.000000,9906.000000,9152.400391,777100
2016-06-07,9899.000000,9963.000000,9832.000000,9952.000000,9194.900391,678400
2016-06-08,9999.000000,10075.000000,9909.000000,10030.000000,9266.965820,1007300
2016-06-09,9919.000000,9962.000000,9808.000000,9850.000000,9100.662109,980100
2016-06-10,9700.000000,9796.000000,9566.000000,9670.000000,8934.354492,2152300
2016-06-13,9480.000000,9552.000000,9467.000000,9475.000000,8754.187500,1260800
2016-06-14,9449.000000,9560.000000,9403.000000,9481.000000,8759.732422,1059900
2016-06-15,9481.000000,9520.000000,9370.000000,9412.000000,8695.982422,1124700
2016-06-16,9412.000000,9457.000000,9192.000000,9216.000000,8514.892578,1130800
2016-06-17,9239.000000,9285.000000,9133.000000,9134.000000,8439.129883,1147600
2016-06-20,9254.000000,9363.000000,9208.000000,9287.000000,8580.490234,814300
2016-06-21,9202.000000,9424.000000,9171.000000,9399.000000,8683.970703,730200
2016-06-22,9398.000000,9439.000000,9303.000000,9369.000000,8656.252930,625900
2016-06-23,9370.000000,9441.000000,9350.000000,9407.000000,8691.361328,521500
2016-06-24,9500.000000,9523.000000,8659.000000,8796.000000,8126.843262,1259400
2016-06-27,9014.000000,9313.000000,8976.000000,9293.000000,8586.034180,1164900
2016-06-28,9143.000000,9407.000000,9087.000000,9313.000000,8604.510742,984300
2016-06-29,9453.000000,9474.000000,9321.000000,9468.000000,8747.720703,979800
2016-06-30,9468.000000,9498.000000,9372.000000,9433.000000,8715.385742,1294100
2016-07-01,9524.000000,9531.000000,9326.000000,9450.000000,8731.090820,1036200
2016-07-04,9456.000000,9584.000000,9416.000000,9573.000000,8844.732422,880600
2016-07-05,9610.000000,9668.000000,9516.000000,9567.000000,8839.190430,711600
2016-07-06,9477.000000,9626.000000,9392.000000,9621.000000,8889.083008,1034700
2016-07-07,9630.000000,9654.000000,9485.000000,9521.000000,8796.690430,815100
2016-07-08,9569.000000,9590.000000,9338.000000,9339.000000,8628.535156,745400
2016-07-11,9339.000000,9339.000000,9339.000000,9339.000000,8628.535156,0
2016-07-12,9750.000000,9784.000000,9536.000000,9546.000000,8819.789063,1327000
2016-07-13,9696.000000,9697.000000,9409.000000,9432.000000,8714.459961,1214900
2016-07-14,9301.000000,9449.000000,9276.000000,9364.000000,8651.633789,1475700
2016-07-15,9427.000000,9512.000000,9390.000000,9479.000000,8757.883789,1237000
2016-07-19,9397.000000,9450.000000,9323.000000,9437.000000,8719.079102,1159500
2016-07-20,9413.000000,9762.000000,9348.000000,9762.000000,9019.355469,1654600
2016-07-21,9720.000000,9750.000000,9550.000000,9642.000000,8908.486328,1586400
2016-07-22,9528.000000,9640.000000,9470.000000,9522.000000,8797.614258,896900
2016-07-25,9468.000000,9634.000000,9462.000000,9582.000000,8853.049805,552500
2016-07-26,9615.000000,9685.000000,9455.000000,9579.000000,8850.277344,1079400
2016-07-27,9664.000000,9711.000000,9508.000000,9520.000000,8795.766602,1006800
2016-07-28,9516.000000,9560.000000,9395.000000,9436.000000,8718.156250,842400
2016-07-29,9388.000000,9547.000000,9331.000000,9485.000000,8763.427734,1109600
2016-08-01,9317.000000,9400.000000,9219.000000,9337.000000,8626.686523,1016200
2016-08-02,9252.000000,9294.000000,9159.000000,9159.000000,8462.229492,851300
2016-08-03,9012.000000,9033.000000,8835.000000,8838.000000,8165.648438,1401700
2016-08-04,8850.000000,8935.000000,8705.000000,8816.000000,8145.322266,1287800
2016-08-05,8818.000000,8893.000000,8769.000000,8863.000000,8188.747559,832800
2016-08-08,8945.000000,8950.000000,8743.000000,8855.000000,8181.355957,983800
2016-08-09,8805.000000,8895.000000,8792.000000,8821.000000,8149.943359,795900
2016-08-10,8824.000000,8990.000000,8789.000000,8952.000000,8270.976563,948900
2016-08-12,9007.000000,9023.000000,8856.000000,8882.000000,8206.301758,949000
2016-08-15,8882.000000,8896.000000,8820.000000,8834.000000,8161.953125,781800
2016-08-16,8877.000000,8930.000000,8783.000000,8783.000000,8114.833496,797500
2016-08-17,8777.000000,8777.000000,8705.000000,8713.000000,8050.158691,1076400
2016-08-18,8684.000000,8706.000000,8594.000000,8595.000000,7941.135254,986400
2016-08-19,8568.000000,8568.000000,8388.000000,8476.000000,7831.186035,1413100
2016-08-22,8546.000000,8818.000000,8518.000000,8764.000000,8097.277344,1475500
2016-08-23,8692.000000,8863.000000,8671.000000,8820.000000,8149.016602,1101800
2016-08-24,8853.000000,9081.000000,8836.000000,9045.000000,8356.901367,1198200
2016-08-25,8999.000000,9028.000000,8901.000000,8987.000000,8303.314453,965600
2016-08-26,9038.000000,9050.000000,8894.000000,8894.000000,8217.389648,760500
2016-08-29,9031.000000,9044.000000,8898.000000,8917.000000,8238.640625,595200
2016-08-30,8865.000000,8867.000000,8752.000000,8765.000000,8098.202148,950300
2016-08-31,8850.000000,8895.000000,8740.000000,8860.000000,8185.976074,971400
2016-09-01,8894.000000,8970.000000,8790.000000,8936.000000,8256.194336,595900
2016-09-02,8930.000000,9045.000000,8923.000000,9026.000000,8339.346680,709400
2016-09-05,9110.000000,9138.000000,9044.000000,9085.000000,8393.858398,529400
2016-09-06,9077.000000,9115.000000,9031.000000,9093.000000,8401.250000,430100
2016-09-07,9030.000000,9096.000000,9003.000000,9094.000000,8402.173828,831900
2016-09-08,9030.000000,9113.000000,8983.000000,9073.000000,8382.771484,779900
2016-09-09,9033.000000,9122.000000,9026.000000,9061.000000,8371.684570,816500
2016-09-12,8980.000000,8985.000000,8892.000000,8958.000000,8276.519531,681300
2016-09-13,9018.000000,9068.000000,8974.000000,8999.000000,8314.400391,655900
2016-09-14,8950.000000,9038.000000,8924.000000,9006.000000,8320.868164,683000
2016-09-15,8937.000000,8978.000000,8807.000000,8823.000000,8151.789551,818700
2016-09-16,8824.000000,8981.000000,8803.000000,8949.000000,8268.205078,1152200
2016-09-20,8921.000000,9034.000000,8888.000000,8974.000000,8291.302734,1124100
2016-09-21,9031.000000,9237.000000,8953.000000,9223.000000,8521.360352,1411800
2016-09-23,9300.000000,9400.000000,9236.000000,9383.000000,8669.187500,1343100
2016-09-26,9370.000000,9373.000000,9172.000000,9193.000000,8493.642578,936800
2016-09-27,8992.000000,9177.000000,8905.000000,9171.000000,8473.315430,1479500
2016-09-28,9168.000000,9179.000000,9036.000000,9071.000000,8440.749023,705600
2016-09-29,9154.000000,9198.000000,9080.000000,9159.000000,8522.634766,794400
2016-09-30,8950.000000,9153.000000,8850.000000,9080.000000,8449.123047,1061200
2016-10-03,9138.000000,9204.000000,9101.000000,9127.000000,8492.857422,606500
2016-10-04,9183.000000,9190.000000,9085.000000,9123.000000,8489.135742,763900
2016-10-05,9129.000000,9130.000000,9051.000000,9092.000000,8460.289063,692900
2016-10-06,9098.000000,9126.000000,9030.000000,9088.000000,8456.566406,715800
2016-10-07,9088.000000,9099.000000,8985.000000,9064.000000,8434.234375,902000
2016-10-11,9078.000000,9217.000000,9039.000000,9205.000000,8565.437500,1018000
2016-10-12,9120.000000,9253.000000,9109.000000,9138.000000,8503.093750,964700
2016-10-13,9159.000000,9206.000000,9040.000000,9068.000000,8437.956055,1229600
2016-10-14,9099.000000,9172.000000,9075.000000,9109.000000,8476.107422,1182800
2016-10-17,9083.000000,9138.000000,9045.000000,9107.000000,8474.247070,870200
2016-10-18,9045.000000,9112.000000,8925.000000,9097.000000,8464.943359,1396100
2016-10-19,9010.000000,9113.000000,9010.000000,9083.000000,8451.913086,1237800
2016-10-20,8983.000000,9290.000000,8982.000000,9284.000000,8638.948242,1466800
2016-10-21,9252.000000,9275.000000,9204.000000,9235.000000,8593.352539,1101300
2016-10-24,9241.000000,9345.000000,9240.000000,9345.000000,8695.709961,803900
2016-10-25,9370.000000,9488.000000,9364.000000,9427.000000,8772.013672,1066900
2016-10-26,9447.000000,9447.000000,9316.000000,9407.000000,8753.401367,1041200
2016-10-27,9406.000000,9514.000000,9362.000000,9423.000000,8768.289063,1057700
2016-10-28,9450.000000,9451.000000,9313.000000,9360.000000,8709.669922,3000100
2016-10-31,9361.000000,9417.000000,9217.000000,9257.000000,8613.824219,1337100
2016-11-01,9284.000000,9284.000000,9185.000000,9266.000000,8622.199219,1075500
2016-11-02,9166.000000,9175.000000,9028.000000,9056.000000,8426.790039,962800
2016-11-04,9055.000000,9064.000000,8895.000000,8963.000000,8340.251953,1034900
2016-11-07,9113.000000,9118.000000,9007.000000,9088.000000,8456.566406,780600
2016-11-08,9100.000000,9102.000000,9010.000000,9035.000000,8407.250000,620400
2016-11-09,9116.000000,9216.000000,8701.000000,8823.000000,8209.978516,1822000
2016-11-10,9250.000000,9274.000000,9059.000000,9197.000000,8557.993164,1441300
2016-11-11,9270.000000,9355.000000,9199.000000,9265.000000,8621.268555,1354000
2016-11-14,9340.000000,9410.000000,9289.000000,9395.000000,8742.235352,912800
2016-11-15,9355.000000,9356.000000,9272.000000,9314.000000,8666.864258,958100
2016-11-16,9400.000000,9461.000000,9334.000000,9436.000000,8780.387695,1108300
2016-11-17,9407.000000,9549.000000,9405.000000,9542.000000,8879.022461,856400
2016-11-18,9600.000000,9697.000000,9541.000000,9691.000000,9017.670898,1400200
2016-11-21,9667.000000,9734.000000,9611.000000,9706.000000,9031.628906,862200
2016-11-22,9692.000000,9829.000000,9691.000000,9749.000000,9071.640625,877600
2016-11-24,9750.000000,9817.000000,9727.000000,9797.000000,9116.303711,658400
2016-11-25,9791.000000,9887.000000,9788.000000,9857.000000,9172.135742,878600
2016-11-28,9828.000000,9881.000000,9780.000000,9874.000000,9187.955078,931900
2016-11-29,9740.000000,9881.000000,9736.000000,9800.000000,9119.098633,1623900
2016-11-30,9790.000000,9824.000000,9727.000000,9766.000000,9087.459961,2141500
2016-12-01,9830.000000,9883.000000,9682.000000,9727.000000,9051.167969,1523800
2016-12-02,9709.000000,9790.000000,9599.000000,9618.000000,8949.743164,1196400
2016-12-05,9600.000000,9675.000000,9592.000000,9611.000000,8943.226563,941700
2016-12-06,9631.000000,9645.000000,9528.000000,9551.000000,8887.396484,1153900
2016-12-07,9551.000000,9619.000000,9470.000000,9603.000000,8935.784180,918100
2016-12-08,9753.000000,9763.000000,9618.000000,9675.000000,9002.782227,1068200
2016-12-09,9628.000000,9855.000000,9598.000000,9850.000000,9165.624023,1495500
2016-12-12,9910.000000,10120.000000,9889.000000,9995.000000,9300.548828,1273200
2016-12-13,9907.000000,10045.000000,9880.000000,10035.000000,9337.769531,1047200
2016-12-14,10045.000000,10120.000000,9993.000000,10025.000000,9328.463867,862500
2016-12-15,10050.000000,10110.000000,9977.000000,10065.000000,9365.684570,1120500
2016-12-16,10165.000000,10185.000000,10090.000000,10130.000000,9426.168945,1108900
2016-12-19,10160.000000,10260.000000,10145.000000,10235.000000,9523.874023,884200
2016-12-20,10295.000000,10430.000000,10250.000000,10400.000000,9677.409180,873200
2016-12-21,10400.000000,10425.000000,10290.000000,10320.000000,9602.966797,650500
2016-12-22,10275.000000,10410.000000,10275.000000,10385.000000,9663.452148,870800
2016-12-26,10085.000000,10315.000000,10085.000000,10260.000000,9547.136719,906600
2016-12-27,10200.000000,10335.000000,10200.000000,10250.000000,9537.832031,434600
2016-12-28,10260.000000,10300.000000,10225.000000,10265.000000,9551.789063,369200
2016-12-29,10280.000000,10285.000000,10115.000000,10155.000000,9449.431641,554500
2016-12-30,10130.000000,10160.000000,10070.000000,10100.000000,9398.251953,456900
2017-01-04,10190.000000,10340.000000,10170.000000,10320.000000,9602.966797,792800
2017-01-05,10325.000000,10425.000000,10300.000000,10375.000000,9654.145508,702600
2017-01-06,10310.000000,10545.000000,10260.000000,10510.000000,9779.766602,950700
2017-01-10,10595.000000,10645.000000,10375.000000,10400.000000,9677.409180,752300
2017-01-11,10485.000000,10505.000000,10400.000000,10495.000000,9765.809570,654000
2017-01-12,10445.000000,10475.000000,10350.000000,10375.000000,9654.145508,1083400
2017-01-13,10370.000000,10520.000000,10335.000000,10495.000000,9765.809570,1176900
2017-01-16,10500.000000,10530.000000,10370.000000,10405.000000,9682.062500,560300
2017-01-17,10335.000000,10445.000000,10285.000000,10295.000000,9579.705078,759600
2017-01-18,10350.000000,10375.000000,10215.000000,10350.000000,9630.883789,876100
2017-01-19,10440.000000,10510.000000,10395.000000,10475.000000,9747.200195,669500
2017-01-20,10440.000000,10460.000000,10360.000000,10410.000000,9686.713867,544700
2017-01-23,10350.000000,10400.000000,10260.000000,10310.000000,9593.662109,502200
2017-01-24,10280.000000,10280.000000,10155.000000,10215.000000,9505.264648,697100
2017-01-25,10400.000000,10440.000000,10245.000000,10270.000000,9556.441406,511700
2017-01-26,10360.000000,10470.000000,10305.000000,10430.000000,9705.324219,722800
2017-01-27,10505.000000,10570.000000,10460.000000,10505.000000,9775.114258,702300
2017-01-30,10530.000000,10540.000000,10430.000000,10535.000000,9803.029297,635600
2017-01-31,10235.000000,10335.000000,10080.000000,10230.000000,9519.220703,1051600
2017-02-01,10175.000000,10345.000000,10165.000000,10320.000000,9602.966797,662200
2017-02-02,10405.000000,10405.000000,10155.000000,10175.000000,9468.041992,726300
2017-02-03,10075.000000,10165.000000,10000.000000,10050.000000,9351.727539,946600
2017-02-06,10140.000000,10145.000000,10005.000000,10035.000000,9337.769531,582800
2017-02-07,9985.000000,10085.000000,9983.000000,9995.000000,9300.548828,852000
2017-02-08,10020.000000,10095.000000,9991.000000,10040.000000,9342.420898,641500
2017-02-09,10045.000000,10135.000000,10035.000000,10065.000000,9365.684570,1027100
2017-02-10,10260.000000,10415.000000,10205.000000,10405.000000,9682.062500,858300
2017-02-13,10485.000000,10490.000000,10380.000000,10440.000000,9714.630859,711700
2017-02-14,10475.000000,10475.000000,10295.000000,10305.000000,9589.009766,568700
2017-02-15,10380.000000,10420.000000,10340.000000,10380.000000,9658.799805,404900
2017-02-16,10375.000000,10390.000000,10260.000000,10300.000000,9584.356445,616500
2017-02-17,10285.000000,10360.000000,10210.000000,10275.000000,9561.093750,516900
2017-02-20,10230.000000,10350.000000,10205.000000,10275.000000,9561.093750,612600
2017-02-21,10275.000000,10325.000000,10210.000000,10315.000000,9598.315430,683000
2017-02-22,10290.000000,10320.000000,10215.000000,10295.000000,9579.705078,661200
2017-02-23,10220.000000,10260.000000,10155.000000,10230.000000,9519.220703,851800
2017-02-24,10185.000000,10290.000000,10170.000000,10200.000000,9491.305664,783800
2017-02-27,10150.000000,10230.000000,10115.000000,10175.000000,9468.041992,903300
2017-02-28,10250.000000,10310.000000,10155.000000,10155.000000,9449.431641,880300
2017-03-01,10220.000000,10220.000000,10125.000000,10195.000000,9486.652344,847100
2017-03-02,10290.000000,10290.000000,10170.000000,10195.000000,9486.652344,998800
2017-03-03,10180.000000,10205.000000,10075.000000,10090.000000,9388.948242,1059200
2017-03-06,10055.000000,10090.000000,10020.000000,10025.000000,9328.463867,906500
2017-03-07,10000.000000,10035.000000,9979.000000,10010.000000,9314.506836,921800
2017-03-08,9951.000000,9963.000000,9901.000000,9938.000000,9247.506836,943100
2017-03-09,9972.000000,9977.000000,9809.000000,9886.000000,9199.122070,1298300
2017-03-10,9982.000000,10050.000000,9970.000000,10035.000000,9337.769531,1203100
2017-03-13,9980.000000,10175.000000,9965.000000,10170.000000,9463.388672,649300
2017-03-14,10120.000000,10135.000000,10080.000000,10090.000000,9388.948242,522100
2017-03-15,10055.000000,10080.000000,10025.000000,10060.000000,9361.031250,595800
2017-03-16,9985.000000,10150.000000,9971.000000,10120.000000,9416.863281,762900
2017-03-17,10085.000000,10120.000000,9949.000000,9987.000000,9293.105469,1361600
2017-03-21,9837.000000,9985.000000,9837.000000,9913.000000,9224.246094,1174000
2017-03-22,9800.000000,9848.000000,9752.000000,9752.000000,9074.432617,1103300
2017-03-23,9700.000000,9772.000000,9687.000000,9726.000000,9050.238281,1274600
2017-03-24,9727.000000,9836.000000,9727.000000,9802.000000,9120.958984,994400
2017-03-27,9816.000000,9846.000000,9677.000000,9764.000000,9085.597656,1152100
2017-03-28,9806.000000,9877.000000,9757.000000,9866.000000,9180.511719,1033100
2017-03-29,9860.000000,9910.000000,9787.000000,9850.000000,9226.410156,688800
2017-03-30,9862.000000,9908.000000,9747.000000,9750.000000,9132.740234,613900
2017-03-31,9847.000000,9911.000000,9694.000000,9694.000000,9080.284180,1095100
2017-04-03,9723.000000,9783.000000,9700.000000,9721.000000,9105.575195,979800
2017-04-04,9781.000000,9829.000000,9665.000000,9783.000000,9163.650391,1213200
2017-04-05,9837.000000,9848.000000,9786.000000,9834.000000,9211.422852,794400
2017-04-06,9828.000000,9869.000000,9664.000000,9670.000000,9057.803711,1110800
2017-04-07,9720.000000,9810.000000,9643.000000,9750.000000,9132.740234,1068900
2017-04-10,9847.000000,9891.000000,9760.000000,9797.000000,9176.762695,612500
2017-04-11,9805.000000,9851.000000,9769.000000,9842.000000,9218.916016,570400
2017-04-12,9790.000000,9810.000000,9710.000000,9792.000000,9172.083008,828700
2017-04-13,9752.000000,9782.000000,9647.000000,9682.000000,9069.044922,1110400
2017-04-14,9646.000000,9653.000000,9511.000000,9554.000000,8949.149414,855600
2017-04-17,9526.000000,9699.000000,9526.000000,9685.000000,9071.854492,445700
2017-04-18,9720.000000,9779.000000,9669.000000,9736.000000,9119.627930,650600
2017-04-19,9706.000000,9717.000000,9561.000000,9563.000000,8957.580078,995800
2017-04-20,9630.000000,9639.000000,9540.000000,9544.000000,8939.780273,851500
2017-04-21,9650.000000,9718.000000,9619.000000,9693.000000,9079.347656,847800
2017-04-24,9786.000000,9846.000000,9737.000000,9822.000000,9200.181641,722400
2017-04-25,9824.000000,9973.000000,9822.000000,9938.000000,9308.837891,822300
2017-04-26,9974.000000,10000.000000,9887.000000,10000.000000,9366.912109,963900
2017-04-27,10010.000000,10055.000000,9949.000000,9992.000000,9359.419922,803800
2017-04-28,10040.000000,10065.000000,9952.000000,9954.000000,9323.825195,806800
2017-05-01,10045.000000,10125.000000,9946.000000,10110.000000,9469.949219,970100
2017-05-02,10100.000000,10145.000000,10075.000000,10090.000000,9451.215820,823600
2017-05-08,10150.000000,10340.000000,10145.000000,10310.000000,9657.288086,1469600
2017-05-09,10355.000000,10420.000000,10275.000000,10300.000000,9647.920898,1015500
2017-05-10,10350.000000,10355.000000,10235.000000,10255.000000,9605.769531,852900
2017-05-11,10310.000000,10330.000000,10240.000000,10270.000000,9619.820313,660400
2017-05-12,10275.000000,10385.000000,10265.000000,10380.000000,9722.856445,912500
2017-05-15,10345.000000,10450.000000,10325.000000,10450.000000,9788.424805,848000
2017-05-16,10500.000000,10600.000000,10475.000000,10540.000000,9872.726563,1067400
2017-05-17,10540.000000,10575.000000,10450.000000,10565.000000,9896.143555,743500
2017-05-18,10555.000000,10620.000000,10510.000000,10620.000000,9947.662109,1116500
2017-05-19,10560.000000,10580.000000,10435.000000,10575.000000,9905.509766,789700
2017-05-22,10655.000000,10655.000000,10570.000000,10620.000000,9947.662109,570900
2017-05-23,10685.000000,10740.000000,10635.000000,10660.000000,9985.128906,655000
2017-05-24,10705.000000,10720.000000,10645.000000,10675.000000,9999.179688,552300
2017-05-25,10675.000000,10770.000000,10665.000000,10730.000000,10050.698242,572500
2017-05-26,10730.000000,10760.000000,10645.000000,10645.000000,9971.079102,615700
2017-05-29,10670.000000,10730.000000,10670.000000,10700.000000,10022.595703,466100
2017-05-30,10700.000000,10710.000000,10625.000000,10700.000000,10022.595703,536400
2017-05-31,10645.000000,10690.000000,10570.000000,10615.000000,9942.978516,868300
2017-06-01,10690.000000,10825.000000,10675.000000,10810.000000,10125.632813,930700
2017-06-02,10825.000000,10925.000000,10775.000000,10900.000000,10209.934570,1000600
2017-06-05,10865.000000,10990.000000,10820.000000,10960.000000,10266.136719,655300
2017-06-06,10960.000000,10960.000000,10850.000000,10855.000000,10167.784180,754100
2017-06-07,10810.000000,10895.000000,10750.000000,10815.000000,10130.316406,952100
2017-06-08,10835.000000,10870.000000,10735.000000,10765.000000,10083.482422,824300
2017-06-09,10765.000000,10795.000000,10630.000000,10675.000000,9999.179688,1218500
2017-06-12,10675.000000,10825.000000,10675.000000,10780.000000,10097.532227,594100
2017-06-13,10760.000000,10895.000000,10760.000000,10875.000000,10186.518555,685800
2017-06-14,10900.000000,11080.000000,10855.000000,11040.000000,10341.072266,1048600
2017-06-15,11025.000000,11195.000000,11005.000000,11120.000000,10416.006836,943000
2017-06-16,11120.000000,11155.000000,11055.000000,11105.000000,10401.957031,1186200
2017-06-19,11095.000000,11230.000000,11095.000000,11220.000000,10509.677734,553700
2017-06-20,11240.000000,11290.000000,11170.000000,11180.000000,10472.208984,675700
2017-06-21,11140.000000,11240.000000,11135.000000,11175.000000,10467.525391,702800
2017-06-22,11160.000000,11200.000000,11045.000000,11095.000000,10392.589844,804900
2017-06-23,10980.000000,11055.000000,10960.000000,11035.000000,10336.388672,625100
2017-06-26,11000.000000,11080.000000,10960.000000,10985.000000,10289.553711,519100
2017-06-27,10980.000000,11040.000000,10935.000000,10960.000000,10266.136719,547400
2017-06-28,10960.000000,11075.000000,10945.000000,10990.000000,10294.237305,700800
2017-06-29,11070.000000,11070.000000,10940.000000,10970.000000,10275.502930,629200
2017-06-30,10865.000000,10870.000000,10715.000000,10745.000000,10064.747070,985000
2017-07-03,10790.000000,10945.000000,10785.000000,10925.000000,10233.353516,757300
2017-07-04,10960.000000,11025.000000,10810.000000,10890.000000,10200.569336,846500
2017-07-05,10845.000000,10875.000000,10705.000000,10785.000000,10102.214844,958200
2017-07-06,10800.000000,10845.000000,10720.000000,10740.000000,10060.064453,981300
2017-07-07,10705.000000,10720.000000,10625.000000,10650.000000,9975.761719,854600
2017-07-10,10740.000000,10835.000000,10715.000000,10785.000000,10102.214844,712300
2017-07-11,10850.000000,10930.000000,10800.000000,10885.000000,10195.885742,643000
2017-07-12,10860.000000,10905.000000,10760.000000,10770.000000,10088.165039,706900
2017-07-13,10805.000000,10825.000000,10660.000000,10690.000000,10013.228516,563200
2017-07-14,10745.000000,10780.000000,10705.000000,10715.000000,10036.647461,469900
2017-07-17,10715.000000,10715.000000,10715.000000,10715.000000,10036.647461,0
2017-07-18,10710.000000,10740.000000,10585.000000,10630.000000,9957.028320,512400
2017-07-19,10585.000000,10645.000000,10550.000000,10565.000000,9896.143555,718700
2017-07-20,10600.000000,10730.000000,10585.000000,10695.000000,10017.914063,603200
2017-07-21,10585.000000,10625.000000,10575.000000,10590.000000,9919.560547,412100
2017-07-24,10510.000000,10525.000000,10425.000000,10485.000000,9821.208984,609300
2017-07-25,10465.000000,10495.000000,10415.000000,10420.000000,9760.323242,397900
2017-07-26,10515.000000,10515.000000,10375.000000,10405.000000,9746.272461,720600
2017-07-27,10400.000000,10510.000000,10390.000000,10430.000000,9769.689453,845700
2017-07-28,10450.000000,10515.000000,10385.000000,10445.000000,9783.740234,598400
2017-07-31,10380.000000,10410.000000,10275.000000,10350.000000,9694.755859,1096600
2017-08-01,10380.000000,10530.000000,10365.000000,10465.000000,9802.473633,666600
2017-08-02,10510.000000,10520.000000,10365.000000,10460.000000,9797.791016,515100
2017-08-03,10420.000000,10485.000000,10365.000000,10410.000000,9750.956055,631500
2017-08-04,10395.000000,10465.000000,10385.000000,10430.000000,9769.689453,462200
2017-08-07,10465.000000,10485.000000,10365.000000,10375.000000,9718.171875,683600
2017-08-08,10405.000000,10445.000000,10355.000000,10390.000000,9732.221680,599900
2017-08-09,10290.000000,10320.000000,10175.000000,10215.000000,9568.302734,1036900
2017-08-10,10345.000000,10370.000000,10275.000000,10305.000000,9652.603516,820900
2017-08-11,10305.000000,10305.000000,10305.000000,10305.000000,9652.603516,0
2017-08-14,10300.000000,10335.000000,10195.000000,10200.000000,9554.250977,744700
2017-08-15,10265.000000,10405.000000,10235.000000,10350.000000,9694.755859,656700
2017-08-16,10500.000000,10510.000000,10400.000000,10400.000000,9741.588867,604500
2017-08-17,10335.000000,10390.000000,10280.000000,10285.000000,9633.868164,533100
2017-08-18,10165.000000,10235.000000,10155.000000,10210.000000,9563.617188,626500
2017-08-21,10235.000000,10245.000000,10180.000000,10230.000000,9582.352539,415000
2017-08-22,10250.000000,10275.000000,10085.000000,10095.000000,9455.897461,538500
2017-08-23,10165.000000,10175.000000,10055.000000,10105.000000,9465.265625,580500
2017-08-24,10050.000000,10075.000000,9994.000000,10010.000000,9376.280273,571100
2017-08-25,10005.000000,10030.000000,9952.000000,10000.000000,9366.912109,718800
2017-08-28,10035.000000,10060.000000,9969.000000,10040.000000,9404.379883,594800
2017-08-29,9980.000000,10045.000000,9963.000000,10045.000000,9409.064453,570300
2017-08-30,10100.000000,10100.000000,10020.000000,10045.000000,9409.064453,981600
2017-08-31,10090.000000,10100.000000,10020.000000,10085.000000,9446.531250,639000
2017-09-01,10140.000000,10145.000000,10055.000000,10100.000000,9460.581055,389200
2017-09-04,10045.000000,10070.000000,9986.000000,10010.000000,9376.280273,495800
2017-09-05,10015.000000,10050.000000,9938.000000,9940.000000,9310.709961,643900
2017-09-06,9971.000000,10060.000000,9971.000000,10035.000000,9399.697266,599300
2017-09-07,10035.000000,10085.000000,9995.000000,10030.000000,9395.012695,480600
2017-09-08,10090.000000,10130.000000,10065.000000,10090.000000,9451.215820,913600
2017-09-11,10210.000000,10235.000000,10145.000000,10155.000000,9512.099609,488800
2017-09-12,10260.000000,10260.000000,10170.000000,10185.000000,9540.201172,495200
2017-09-13,10220.000000,10280.000000,10205.000000,10270.000000,9619.820313,537600
2017-09-14,10250.000000,10270.000000,10175.000000,10185.000000,9540.201172,533800
2017-09-15,10185.000000,10220.000000,10060.000000,10090.000000,9451.215820,1117300
2017-09-18,10090.000000,10090.000000,10090.000000,10090.000000,9451.215820,0
2017-09-19,10110.000000,10220.000000,10045.000000,10195.000000,9549.567383,1045000
2017-09-20,10155.000000,10185.000000,10115.000000,10150.000000,9507.416016,790900
2017-09-21,10180.000000,10290.000000,10170.000000,10230.000000,9582.352539,721900
2017-09-22,10290.000000,10410.000000,10260.000000,10385.000000,9727.539063,1009500
2017-09-25,10445.000000,10445.000000,10310.000000,10390.000000,9732.221680,604000
2017-09-26,10460.000000,10505.000000,10400.000000,10455.000000,9793.107422,762400
2017-09-27,10450.000000,10455.000000,10320.000000,10380.000000,9788.393555,576300
2017-09-28,10420.000000,10430.000000,10345.000000,10405.000000,9811.967773,717400
2017-09-29,10385.000000,10430.000000,10340.000000,10385.000000,9793.108398,757100
2017-10-02,10355.000000,10360.000000,10220.000000,10240.000000,9656.372070,525500
2017-10-03,10500.000000,10540.000000,10355.000000,10395.000000,9802.538086,1057800
2017-10-04,10395.000000,10415.000000,10345.000000,10370.000000,9778.962891,477900
2017-10-05,10355.000000,10395.000000,10295.000000,10300.000000,9712.953125,376400
2017-10-06,10345.000000,10360.000000,10265.000000,10300.000000,9712.953125,382700
2017-10-09,10300.000000,10300.000000,10300.000000,10300.000000,9712.953125,0
2017-10-10,10250.000000,10275.000000,10200.000000,10275.000000,9689.375977,814100
2017-10-11,10305.000000,10435.000000,10270.000000,10435.000000,9840.258789,767300
2017-10-12,10450.000000,10485.000000,10405.000000,10485.000000,9887.409180,661100
2017-10-13,10500.000000,10645.000000,10480.000000,10630.000000,10024.143555,1059300
2017-10-16,10720.000000,10930.000000,10695.000000,10820.000000,10203.314453,1222400
2017-10-17,10905.000000,10930.000000,10775.000000,10830.000000,10212.745117,937400
2017-10-18,10900.000000,11000.000000,10885.000000,10985.000000,10358.910156,879600
2017-10-19,10980.000000,11015.000000,10925.000000,10995.000000,10368.340820,940900
2017-10-20,10970.000000,10995.000000,10920.000000,10980.000000,10354.196289,648600
2017-10-23,11020.000000,11040.000000,10925.000000,10930.000000,10307.045898,597300
2017-10-24,10910.000000,11000.000000,10905.000000,10990.000000,10363.625977,637800
2017-10-25,10950.000000,10960.000000,10840.000000,10870.000000,10250.464844,757200
2017-10-26,10915.000000,10920.000000,10835.000000,10875.000000,10255.180664,523100
2017-10-27,10930.000000,10940.000000,10820.000000,10910.000000,10288.185547,628800
2017-10-30,10950.000000,10995.000000,10905.000000,10945.000000,10321.190430,1820000
2017-10-31,10830.000000,10990.000000,10760.000000,10970.000000,10344.765625,830700
2017-11-01,11000.000000,11145.000000,10990.000000,11115.000000,10481.500000,936300
2017-11-02,11155.000000,11165.000000,11030.000000,11150.000000,10514.504883,581300
2017-11-03,11150.000000,11150.000000,11150.000000,11150.000000,10514.504883,0
2017-11-06,11065.000000,11185.000000,11065.000000,11160.000000,10523.936523,693500
2017-11-07,11170.000000,11245.000000,11075.000000,11245.000000,10604.092773,761800
2017-11-08,11300.000000,11470.000000,11300.000000,11465.000000,10811.552734,1180100
2017-11-09,11495.000000,11570.000000,11280.000000,11390.000000,10740.828125,1257100
2017-11-10,11235.000000,11370.000000,11205.000000,11265.000000,10622.953125,706500
2017-11-13,11190.000000,11225.000000,11120.000000,11120.000000,10486.215820,516500
2017-11-14,11070.000000,11095.000000,10940.000000,10995.000000,10368.340820,656000
2017-11-15,10925.000000,10990.000000,10780.000000,10805.000000,10189.169922,790700
2017-11-16,10725.000000,10895.000000,10725.000000,10845.000000,10226.889648,583900
2017-11-17,10930.000000,10930.000000,10710.000000,10725.000000,10113.730469,848400
2017-11-20,10700.000000,10760.000000,10670.000000,10705.000000,10094.871094,445900
2017-11-21,10850.000000,10865.000000,10720.000000,10720.000000,10109.014648,518000
2017-11-22,10810.000000,10825.000000,10690.000000,10700.000000,10090.153320,551600
2017-11-23,10700.000000,10700.000000,10700.000000,10700.000000,10090.153320,0
2017-11-24,10715.000000,10825.000000,10700.000000,10775.000000,10160.879883,535000
2017-11-27,10815.000000,10910.000000,10800.000000,10875.000000,10255.180664,804000
2017-11-28,10750.000000,10760.000000,10525.000000,10600.000000,9995.854492,1728400
2017-11-29,10600.000000,10700.000000,10540.000000,10690.000000,10080.722656,1635000
2017-11-30,10685.000000,10910.000000,10675.000000,10865.000000,10245.750000,1450700
2017-12-01,10905.000000,10935.000000,10825.000000,10905.000000,10283.469727,612900
2017-12-04,10950.000000,10950.000000,10780.000000,10795.000000,10179.739258,593000
2017-12-05,10785.000000,10980.000000,10780.000000,10960.000000,10335.335938,696000
2017-12-06,11000.000000,11030.000000,10835.000000,10925.000000,10302.332031,1102900
2017-12-07,11100.000000,11185.000000,10995.000000,11155.000000,10519.221680,1183600
2017-12-08,11195.000000,11430.000000,11165.000000,11385.000000,10736.113281,1731600
2017-12-11,11370.000000,11385.000000,11190.000000,11255.000000,10613.523438,783500
2017-12-12,11300.000000,11300.000000,11170.000000,11205.000000,10566.372070,640600
2017-12-13,11165.000000,11245.000000,11100.000000,11200.000000,10561.657227,985100
2017-12-14,11300.000000,11370.000000,11260.000000,11305.000000,10660.672852,741600
2017-12-15,11215.000000,11235.000000,11075.000000,11150.000000,10514.504883,1278100
2017-12-18,11195.000000,11270.000000,11145.000000,11230.000000,10589.947266,532800
2017-12-19,11175.000000,11230.000000,11050.000000,11070.000000,10439.066406,794600
2017-12-20,11055.000000,11080.000000,11005.000000,11030.000000,10401.346680,469600
2017-12-21,10990.000000,11020.000000,10920.000000,10940.000000,10316.475586,500000
2017-12-22,10990.000000,11090.000000,10990.000000,11075.000000,10443.779297,484100
2017-12-25,11080.000000,11160.000000,11060.000000,11130.000000,10495.646484,238800
2017-12-26,11200.000000,11215.000000,11105.000000,11140.000000,10505.077148,391000
2017-12-27,11160.000000,11160.000000,11070.000000,11100.000000,10467.357422,358400
2017-12-28,11120.000000,11140.000000,11015.000000,11045.000000,10415.491211,399000
2017-12-29,11045.000000,11060.000000,10970.000000,10995.000000,10368.340820,352500
2018-01-01,10995.000000,10995.000000,10995.000000,10995.000000,10368.340820,0
2018-01-02,10995.000000,10995.000000,10995.000000,10995.000000,10368.340820,0
2018-01-03,10995.000000,10995.000000,10995.000000,10995.000000,10368.340820,0
2018-01-04,11160.000000,11315.000000,11135.000000,11310.000000,10665.388672,761700
2018-01-05,11380.000000,11430.000000,11310.000000,11430.000000,10778.547852,735500
2018-01-08,11430.000000,11430.000000,11430.000000,11430.000000,10778.547852,0
2018-01-09,11450.000000,11470.000000,11340.000000,11430.000000,10778.547852,732800
2018-01-10,11435.000000,11550.000000,11430.000000,11525.000000,10868.133789,569800
2018-01-11,11475.000000,11480.000000,11330.000000,11480.000000,10825.698242,607800
2018-01-12,11450.000000,11480.000000,11370.000000,11480.000000,10825.698242,661800
2018-01-15,11540.000000,11615.000000,11530.000000,11580.000000,10919.998047,512400
2018-01-16,11505.000000,11585.000000,11495.000000,11515.000000,10858.704102,326700
2018-01-17,11545.000000,11580.000000,11505.000000,11570.000000,10910.568359,520000
2018-01-18,11610.000000,11610.000000,11430.000000,11445.000000,10792.692383,707100
2018-01-19,11495.000000,11495.000000,11330.000000,11375.000000,10726.682617,670600
2018-01-22,11350.000000,11455.000000,11350.000000,11425.000000,10773.834961,414100
2018-01-23,11450.000000,11480.000000,11400.000000,11450.000000,10797.407227,365500
2018-01-24,11395.000000,11505.000000,11395.000000,11455.000000,10802.123047,520200
2018-01-25,11425.000000,11540.000000,11370.000000,11505.000000,10849.273438,668900
2018-01-26,11580.000000,11585.000000,11325.000000,11335.000000,10688.962891,724200
2018-01-29,11210.000000,11275.000000,11170.000000,11195.000000,10556.941406,864700
2018-01-30,11255.000000,11295.000000,11065.000000,11110.000000,10476.787109,837300
2018-01-31,11120.000000,11150.000000,10825.000000,10845.000000,10226.889648,1216600
2018-02-01,10835.000000,10915.000000,10805.000000,10895.000000,10274.040039,789800
2018-02-02,10830.000000,10830.000000,10705.000000,10775.000000,10160.879883,707000
2018-02-05,10630.000000,10750.000000,10615.000000,10645.000000,10038.289063,858400
2018-02-06,10420.000000,10590.000000,10270.000000,10395.000000,9802.538086,1728200
2018-02-07,10690.000000,10800.000000,10460.000000,10460.000000,9863.833008,1335000
2018-02-08,10475.000000,10575.000000,10385.000000,10415.000000,9821.397461,888000
2018-02-09,10300.000000,10375.000000,10165.000000,10375.000000,9783.676758,1051900
2018-02-12,10375.000000,10375.000000,10375.000000,10375.000000,9783.676758,0
2018-02-13,10380.000000,10415.000000,10180.000000,10200.000000,9618.651367,1140000
2018-02-14,10215.000000,10280.000000,10055.000000,10090.000000,9514.921875,879200
2018-02-15,10140.000000,10160.000000,9937.000000,9990.000000,9420.619141,1215400
2018-02-16,10090.000000,10290.000000,10050.000000,10215.000000,9632.797852,1045500
2018-02-19,10290.000000,10335.000000,10210.000000,10315.000000,9727.096680,718200
2018-02-20,10315.000000,10410.000000,10260.000000,10375.000000,9783.676758,660200
2018-02-21,10365.000000,10385.000000,10270.000000,10310.000000,9722.382813,626100
2018-02-22,10200.000000,10200.000000,10045.000000,10065.000000,9491.345703,788000
2018-02-23,10025.000000,10095.000000,10010.000000,10080.000000,9505.491211,647600
2018-02-26,10200.000000,10285.000000,10110.000000,10125.000000,9547.926758,790100
2018-02-27,10185.000000,10225.000000,10150.000000,10170.000000,9590.361328,862900
2018-02-28,10170.000000,10225.000000,10060.000000,10060.000000,9486.630859,776300
2018-03-01,10010.000000,10030.000000,9885.000000,9895.000000,9331.035156,959100
2018-03-02,9800.000000,9828.000000,9639.000000,9709.000000,9155.637695,1003900
2018-03-05,9640.000000,9758.000000,9620.000000,9743.000000,9187.698242,1140500
2018-03-06,9821.000000,9873.000000,9701.000000,9719.000000,9165.066406,966900
2018-03-07,9699.000000,9779.000000,9662.000000,9710.000000,9156.579102,808300
2018-03-08,9780.000000,9780.000000,9678.000000,9701.000000,9148.092773,652100
2018-03-09,9851.000000,9883.000000,9720.000000,9749.000000,9193.357422,1315100
2018-03-12,9877.000000,9950.000000,9829.000000,9850.000000,9288.600586,681900
2018-03-13,9824.000000,9903.000000,9790.000000,9867.000000,9304.631836,851400
2018-03-14,9821.000000,9914.000000,9786.000000,9877.000000,9314.061523,1052000
2018-03-15,9859.000000,9900.000000,9820.000000,9859.000000,9297.087891,829300
2018-03-16,9800.000000,9817.000000,9721.000000,9778.000000,9220.702148,1222300
2018-03-19,9735.000000,9736.000000,9573.000000,9718.000000,9164.123047,1259000
2018-03-20,9743.000000,9809.000000,9632.000000,9802.000000,9243.335938,578900
2018-03-21,9802.000000,9802.000000,9802.000000,9802.000000,9243.335938,0
2018-03-22,9682.000000,9787.000000,9670.000000,9778.000000,9220.702148,1043200
2018-03-23,9628.000000,9687.000000,9561.000000,9599.000000,9051.906250,1144500
2018-03-26,9571.000000,9633.000000,9470.000000,9633.000000,9083.967773,1094700
2018-03-27,9669.000000,9984.000000,9630.000000,9981.000000,9412.134766,1443400
2018-03-28,9871.000000,9937.000000,9703.000000,9925.000000,9425.428711,1055200
2018-03-29,9962.000000,9966.000000,9770.000000,9872.000000,9375.095703,1139600
2018-03-30,9929.000000,9929.000000,9814.000000,9862.000000,9365.599609,776400
2018-04-02,9840.000000,9865.000000,9728.000000,9728.000000,9238.344727,641700
2018-04-03,9712.000000,9784.000000,9704.000000,9755.000000,9263.985352,766500
2018-04-04,9759.000000,9823.000000,9686.000000,9789.000000,9296.275391,987400
2018-04-05,9837.000000,10020.000000,9825.000000,9985.000000,9482.409180,1173400
2018-04-06,9951.000000,9984.000000,9903.000000,9915.000000,9415.931641,743800
2018-04-09,9938.000000,9992.000000,9922.000000,9952.000000,9451.069336,709100
2018-04-10,9880.000000,9989.000000,9859.000000,9916.000000,9416.880859,576800
2018-04-11,9856.000000,9898.000000,9791.000000,9832.000000,9337.111328,573800
2018-04-12,9837.000000,9920.000000,9829.000000,9883.000000,9385.542969,531400
2018-04-13,9990.000000,10085.000000,9946.000000,10010.000000,9506.151367,908900
2018-04-16,9976.000000,9990.000000,9893.000000,9973.000000,9471.011719,614700
2018-04-17,9994.000000,10035.000000,9950.000000,9967.000000,9465.314453,534300
2018-04-18,9932.000000,10035.000000,9929.000000,10020.000000,9515.646484,567500
2018-04-19,10095.000000,10200.000000,10075.000000,10080.000000,9572.626953,675500
2018-04-20,10200.000000,10220.000000,10130.000000,10190.000000,9677.091797,605400
2018-04-23,10245.000000,10245.000000,10125.000000,10145.000000,9634.354492,388300
2018-04-24,10195.000000,10260.000000,10070.000000,10260.000000,9743.565430,612400
2018-04-25,10230.000000,10340.000000,10185.000000,10305.000000,9786.301758,537200
2018-04-26,10360.000000,10395.000000,10270.000000,10370.000000,9848.030273,776300
2018-04-27,10430.000000,10540.000000,10415.000000,10490.000000,9961.989258,811900
2018-04-30,10490.000000,10490.000000,10490.000000,10490.000000,9961.989258,0
2018-05-01,10700.000000,10720.000000,10535.000000,10685.000000,10147.173828,1200700
2018-05-02,10700.000000,10700.000000,10390.000000,10495.000000,9966.738281,1021200
2018-05-03,10495.000000,10495.000000,10495.000000,10495.000000,9966.738281,0
2018-05-04,10495.000000,10495.000000,10495.000000,10495.000000,9966.738281,0
2018-05-07,10440.000000,10650.000000,10435.000000,10635.000000,10099.691406,848700
2018-05-08,10720.000000,10820.000000,10650.000000,10690.000000,10151.923828,819300
2018-05-09,10690.000000,10790.000000,10605.000000,10650.000000,10113.936523,707800
2018-05-10,10650.000000,10730.000000,10640.000000,10710.000000,10170.916016,462000
2018-05-11,10710.000000,10785.000000,10690.000000,10765.000000,10223.149414,629900
2018-05-14,10735.000000,10820.000000,10670.000000,10805.000000,10261.134766,559400
2018-05-15,10770.000000,10860.000000,10770.000000,10835.000000,10289.624023,603300
2018-05-16,10785.000000,10820.000000,10735.000000,10740.000000,10199.406250,587700
2018-05-17,10795.000000,10800.000000,10680.000000,10725.000000,10185.161133,656800
2018-05-18,10725.000000,10775.000000,10710.000000,10750.000000,10208.903320,539500
2018-05-21,10750.000000,10780.000000,10700.000000,10705.000000,10166.167969,475900
2018-05-22,10710.000000,10740.000000,10680.000000,10700.000000,10161.418945,622000
2018-05-23,10670.000000,10720.000000,10640.000000,10680.000000,10142.426758,699300
2018-05-24,10660.000000,10730.000000,10630.000000,10635.000000,10099.691406,755400
2018-05-25,10650.000000,10760.000000,10640.000000,10750.000000,10208.903320,677200
2018-05-28,10790.000000,10820.000000,10700.000000,10740.000000,10199.406250,552600
2018-05-29,10730.000000,10770.000000,10680.000000,10750.000000,10208.903320,674600
2018-05-30,10560.000000,10665.000000,10515.000000,10610.000000,10075.949219,1222800
2018-05-31,10630.000000,10780.000000,10615.000000,10755.000000,10213.651367,2570200
2018-06-01,10675.000000,10735.000000,10620.000000,10635.000000,10099.691406,977100
2018-06-04,10700.000000,10775.000000,10695.000000,10735.000000,10194.659180,591300
2018-06-05,10695.000000,10780.000000,10695.000000,10760.000000,10218.398438,560300
2018-06-06,10710.000000,10855.000000,10705.000000,10855.000000,10308.617188,778200
2018-06-07,10860.000000,10870.000000,10755.000000,10785.000000,10242.141602,857500
2018-06-08,10785.000000,10880.000000,10755.000000,10770.000000,10227.897461,950700
2018-06-11,10750.000000,10795.000000,10710.000000,10735.000000,10194.659180,519100
2018-06-12,10850.000000,11075.000000,10840.000000,11055.000000,10498.549805,1263800
2018-06-13,11000.000000,11145.000000,10990.000000,11060.000000,10503.299805,798300
2018-06-14,11055.000000,11145.000000,11010.000000,11010.000000,10455.816406,686300
2018-06-15,11075.000000,11130.000000,11030.000000,11080.000000,10522.293945,1184100
2018-06-18,11030.000000,11045.000000,10905.000000,10975.000000,10422.578125,725800
2018-06-19,10905.000000,10905.000000,10745.000000,10750.000000,10208.903320,624100
2018-06-20,10715.000000,10865.000000,10710.000000,10815.000000,10270.630859,674700
2018-06-21,10850.000000,10850.000000,10680.000000,10685.000000,10147.173828,663900
2018-06-22,10545.000000,10830.000000,10515.000000,10815.000000,10270.630859,1148700
2018-06-25,10710.000000,10710.000000,10495.000000,10505.000000,9976.235352,769700
2018-06-26,10550.000000,10665.000000,10485.000000,10655.000000,10118.685547,898000
2018-06-27,10730.000000,10785.000000,10580.000000,10640.000000,10104.439453,698000
2018-06-28,10685.000000,10700.000000,10550.000000,10615.000000,10080.696289,675500
2018-06-29,10650.000000,10675.000000,10455.000000,10615.000000,10080.696289,798400
2018-07-02,10550.000000,10610.000000,10325.000000,10330.000000,9810.042969,808000
2018-07-03,10330.000000,10405.000000,10245.000000,10335.000000,9814.791016,883500
2018-07-04,10360.000000,10465.000000,10325.000000,10420.000000,9895.513672,779200
2018-07-05,10380.000000,10390.000000,10255.000000,10280.000000,9762.560547,592100
2018-07-06,10320.000000,10355.000000,10270.000000,10285.000000,9767.308594,721800
2018-07-09,10375.000000,10375.000000,10280.000000,10320.000000,9800.548828,533500
2018-07-10,10380.000000,10380.000000,10200.000000,10205.000000,9691.335938,953000
2018-07-11,10125.000000,10170.000000,10020.000000,10035.000000,9529.892578,799200
2018-07-12,10095.000000,10170.000000,10055.000000,10070.000000,9563.129883,709200
2018-07-13,10105.000000,10175.000000,10045.000000,10130.000000,9620.110352,606900
2018-07-16,10130.000000,10130.000000,10130.000000,10130.000000,9620.110352,0
2018-07-17,10130.000000,10380.000000,10130.000000,10345.000000,9824.288086,611000
2018-07-18,10410.000000,10530.000000,10385.000000,10410.000000,9886.017578,559500
2018-07-19,10470.000000,10470.000000,10335.000000,10335.000000,9814.791016,546300
2018-07-20,10355.000000,10460.000000,10330.000000,10380.000000,9857.527344,574400
2018-07-23,10330.000000,10420.000000,10330.000000,10345.000000,9824.288086,362700
2018-07-24,10385.000000,10400.000000,10295.000000,10300.000000,9781.551758,359600
2018-07-25,10265.000000,10330.000000,10205.000000,10205.000000,9691.335938,512900
2018-07-26,10315.000000,10445.000000,10285.000000,10425.000000,9900.260742,718300
2018-07-27,10455.000000,10575.000000,10395.000000,10520.000000,9990.479492,605300
2018-07-30,10600.000000,10630.000000,10420.000000,10465.000000,9938.248047,727700
2018-07-31,10470.000000,10570.000000,10415.000000,10440.000000,9914.506836,971400
2018-08-01,10445.000000,10450.000000,10305.000000,10325.000000,9805.294922,720400
2018-08-02,10335.000000,10465.000000,10215.000000,10225.000000,9710.329102,740400
2018-08-03,10260.000000,10280.000000,10120.000000,10150.000000,9639.104492,564800
2018-08-06,10220.000000,10255.000000,10135.000000,10170.000000,9658.095703,448600
2018-08-07,10250.000000,10320.000000,10170.000000,10315.000000,9795.797852,521100
2018-08-08,10320.000000,10430.000000,10255.000000,10255.000000,9738.819336,661000
2018-08-09,10220.000000,10305.000000,10205.000000,10255.000000,9738.819336,824600
2018-08-10,10250.000000,10265.000000,10155.000000,10190.000000,9677.091797,816600
2018-08-13,10150.000000,10160.000000,9964.000000,9994.000000,9490.956055,700600
2018-08-14,10045.000000,10200.000000,10045.000000,10190.000000,9677.091797,519800
2018-08-15,10250.000000,10285.000000,10175.000000,10200.000000,9686.586914,468800
2018-08-16,10150.000000,10215.000000,10045.000000,10115.000000,9605.865234,630600
2018-08-17,10090.000000,10165.000000,10080.000000,10110.000000,9601.117188,493000
2018-08-20,10065.000000,10120.000000,10045.000000,10045.000000,9539.388672,448200
2018-08-21,10040.000000,10075.000000,9986.000000,9986.000000,9483.359375,711300
2018-08-22,10000.000000,10055.000000,9967.000000,9974.000000,9471.962891,593400
2018-08-23,9997.000000,10045.000000,9975.000000,9998.000000,9494.753906,449400
2018-08-24,10065.000000,10120.000000,10030.000000,10065.000000,9558.381836,428000
2018-08-27,10145.000000,10185.000000,10120.000000,10155.000000,9643.851563,466500
2018-08-28,10180.000000,10190.000000,10110.000000,10135.000000,9624.859375,639400
2018-08-29,10115.000000,10155.000000,10070.000000,10095.000000,9586.871094,579500
2018-08-30,10100.000000,10100.000000,9977.000000,10025.000000,9520.396484,1104000
2018-08-31,10000.000000,10060.000000,9984.000000,10055.000000,9548.884766,706600
2018-09-03,9977.000000,9993.000000,9938.000000,9981.000000,9478.609375,530000
2018-09-04,9990.000000,9999.000000,9903.000000,9965.000000,9463.415039,461400
2018-09-05,10015.000000,10175.000000,10015.000000,10130.000000,9620.110352,1168400
2018-09-06,10100.000000,10120.000000,9943.000000,9951.000000,9450.120117,689800
2018-09-07,9939.000000,10080.000000,9930.000000,10070.000000,9563.129883,826500
2018-09-10,10050.000000,10080.000000,9977.000000,9977.000000,9474.811523,482600
2018-09-11,10000.000000,10075.000000,9984.000000,10035.000000,9529.892578,606700
2018-09-12,10090.000000,10175.000000,10015.000000,10175.000000,9662.846680,849100
2018-09-13,10215.000000,10390.000000,10185.000000,10350.000000,9829.037109,936200
2018-09-14,10335.000000,10375.000000,10190.000000,10215.000000,9700.832031,1328200
2018-09-17,10215.000000,10215.000000,10215.000000,10215.000000,9700.832031,0
2018-09-18,10120.000000,10520.000000,10110.000000,10455.000000,9928.752930,1449000
2018-09-19,10600.000000,10680.000000,10550.000000,10670.000000,10132.928711,1188100
2018-09-20,10680.000000,10680.000000,10520.000000,10550.000000,10018.971680,728000
2018-09-21,10595.000000,10595.000000,10455.000000,10540.000000,10009.473633,1317100
2018-09-24,10540.000000,10540.000000,10540.000000,10540.000000,10009.473633,0
2018-09-25,10555.000000,10795.000000,10545.000000,10795.000000,10251.638672,1198600
2018-09-26,10700.000000,10735.000000,10575.000000,10710.000000,10242.074219,861100
2018-09-27,10715.000000,10750.000000,10550.000000,10560.000000,10098.627930,876000
2018-09-28,10585.000000,10710.000000,10540.000000,10555.000000,10093.845703,954800
2018-10-01,10490.000000,10500.000000,10315.000000,10335.000000,9883.458008,822000
2018-10-02,10365.000000,10445.000000,10345.000000,10420.000000,9964.745117,764300
2018-10-03,10370.000000,10435.000000,10275.000000,10275.000000,9826.079102,727100
2018-10-04,10370.000000,10375.000000,10185.000000,10200.000000,9754.356445,835800
2018-10-05,10200.000000,10300.000000,10150.000000,10235.000000,9787.828125,821800
2018-10-08,10235.000000,10235.000000,10235.000000,10235.000000,9787.828125,0
2018-10-09,10260.000000,10320.000000,10160.000000,10190.000000,9744.794922,1186600
2018-10-10,10255.000000,10330.000000,10190.000000,10200.000000,9754.356445,816400
2018-10-11,10040.000000,10125.000000,9962.000000,9967.000000,9531.536133,1737200
2018-10-12,9950.000000,9961.000000,9762.000000,9790.000000,9362.270508,1474800
2018-10-15,9727.000000,9769.000000,9590.000000,9599.000000,9179.614258,1080300
2018-10-16,9590.000000,9652.000000,9548.000000,9649.000000,9227.429688,863100
2018-10-17,9751.000000,9838.000000,9696.000000,9831.000000,9401.478516,923800
2018-10-18,9826.000000,9889.000000,9805.000000,9875.000000,9443.555664,899900
2018-10-19,9812.000000,9875.000000,9729.000000,9800.000000,9371.832031,617800
2018-10-22,9800.000000,9873.000000,9759.000000,9848.000000,9417.737305,552000
2018-10-23,9770.000000,9783.000000,9524.000000,9551.000000,9133.710938,1109500
2018-10-24,9590.000000,9630.000000,9503.000000,9570.000000,9151.881836,926500
2018-10-25,9405.000000,9445.000000,9351.000000,9364.000000,8954.881836,1068800
2018-10-26,9508.000000,9570.000000,9358.000000,9527.000000,9110.759766,1481400
2018-10-29,9585.000000,9691.000000,9530.000000,9613.000000,9193.002930,773300
2018-10-30,9650.000000,9778.000000,9613.000000,9734.000000,9308.716797,1200100
2018-10-31,9746.000000,9882.000000,9676.000000,9875.000000,9443.555664,1481700
2018-11-01,9940.000000,9999.000000,9769.000000,9784.000000,9356.530273,1017900
2018-11-02,9833.000000,9833.000000,9618.000000,9721.000000,9296.285156,1086700
2018-11-05,9698.000000,9820.000000,9663.000000,9787.000000,9359.400391,655500
2018-11-06,9862.000000,9996.000000,9840.000000,9970.000000,9534.406250,679300
2018-11-07,9970.000000,10025.000000,9821.000000,9860.000000,9429.210938,855000
2018-11-08,9977.000000,10015.000000,9927.000000,9980.000000,9543.968750,792600
2018-11-09,10020.000000,10135.000000,9988.000000,10015.000000,9577.439453,769400
2018-11-12,9960.000000,10175.000000,9960.000000,10155.000000,9711.322266,548500
2018-11-13,10055.000000,10110.000000,9965.000000,10040.000000,9601.346680,758000
2018-11-14,10035.000000,10105.000000,10000.000000,10025.000000,9587.003906,489400
2018-11-15,9980.000000,10055.000000,9925.000000,10055.000000,9615.691406,696500
2018-11-16,10095.000000,10280.000000,10070.000000,10215.000000,9768.701172,883500
2018-11-19,10170.000000,10245.000000,10090.000000,10170.000000,9725.666016,568400
2018-11-20,10120.000000,10345.000000,10110.000000,10340.000000,9888.241211,548600
2018-11-21,10215.000000,10250.000000,10125.000000,10155.000000,9711.322266,726100
2018-11-22,10215.000000,10315.000000,10145.000000,10310.000000,9859.549805,558700
2018-11-23,10310.000000,10310.000000,10310.000000,10310.000000,9859.549805,0
2018-11-26,10350.000000,10365.000000,10250.000000,10320.000000,9869.116211,592200
2018-11-27,10370.000000,10410.000000,10325.000000,10360.000000,9907.366211,591900
2018-11-28,10295.000000,10305.000000,10165.000000,10225.000000,9778.264648,732700
2018-11-29,10305.000000,10305.000000,10190.000000,10190.000000,9744.794922,649900
2018-11-30,10180.000000,10340.000000,10175.000000,10320.000000,9869.116211,1218700
2018-12-03,10430.000000,10445.000000,10340.000000,10375.000000,9921.709961,622000
2018-12-04,10335.000000,10360.000000,10110.000000,10110.000000,9668.289063,735200
2018-12-05,10050.000000,10255.000000,10010.000000,10160.000000,9716.104492,943700
2018-12-06,10090.000000,10190.000000,10090.000000,10160.000000,9716.104492,930700
2018-12-07,10300.000000,10350.000000,10215.000000,10340.000000,9888.241211,881400
2018-12-10,10280.000000,10310.000000,10165.000000,10230.000000,9783.045898,843300
2018-12-11,10265.000000,10270.000000,10175.000000,10225.000000,9778.264648,673500
2018-12-12,10195.000000,10230.000000,9985.000000,10170.000000,9725.666016,1297800
2018-12-13,10170.000000,10180.000000,10030.000000,10050.000000,9610.910156,1084900
2018-12-14,10020.000000,10140.000000,10005.000000,10070.000000,9630.036133,1180700
2018-12-17,10150.000000,10225.000000,10110.000000,10220.000000,9773.483398,743000
2018-12-18,10185.000000,10210.000000,10060.000000,10095.000000,9653.943359,1025900
2018-12-19,10100.000000,10145.000000,9931.000000,9958.000000,9522.929688,1248100
2018-12-20,9836.000000,10000.000000,9601.000000,9622.000000,9201.610352,1339200
2018-12-21,9675.000000,9698.000000,9439.000000,9480.000000,9065.814453,2653400
2018-12-24,9480.000000,9480.000000,9480.000000,9480.000000,9065.814453,0
2018-12-25,9409.000000,9409.000000,9063.000000,9153.000000,8753.100586,788900
2018-12-26,9227.000000,9424.000000,9110.000000,9265.000000,8860.208008,941000
2018-12-27,9596.000000,9816.000000,9578.000000,9777.000000,9349.837891,992500
2018-12-28,9670.000000,9768.000000,9643.000000,9711.000000,9286.720703,987600
2018-12-31,9711.000000,9711.000000,9711.000000,9711.000000,9286.720703,0
2019-01-04,9675.000000,9820.000000,9627.000000,9731.000000,9305.847656,1337200
2019-01-07,9918.000000,10065.000000,9915.000000,10030.000000,9591.783203,887500
2019-01-08,9990.000000,10025.000000,9781.000000,9785.000000,9357.488281,1086900
2019-01-09,9899.000000,9910.000000,9802.000000,9843.000000,9412.954102,736200
2019-01-10,9846.000000,10065.000000,9845.000000,10055.000000,9615.691406,868100
2019-01-11,10045.000000,10060.000000,9932.000000,9945.000000,9510.497070,793700
2019-01-15,9809.000000,10035.000000,9801.000000,9952.000000,9517.191406,754400
2019-01-16,9951.000000,10015.000000,9910.000000,9982.000000,9545.881836,643800
2019-01-17,10000.000000,10020.000000,9938.000000,10000.000000,9563.093750,474300
2019-01-18,10010.000000,10140.000000,9987.000000,10090.000000,9649.162109,572000
2019-01-21,10130.000000,10140.000000,10010.000000,10025.000000,9587.003906,466400
2019-01-22,10070.000000,10090.000000,10030.000000,10055.000000,9615.691406,370300
2019-01-23,10055.000000,10090.000000,10025.000000,10055.000000,9615.691406,611100
2019-01-24,9956.000000,10005.000000,9850.000000,9967.000000,9531.536133,727500
2019-01-25,9950.000000,10015.000000,9904.000000,9999.000000,9562.138672,705700
2019-01-28,9998.000000,9998.000000,9854.000000,9860.000000,9429.210938,662800
2019-01-29,9908.000000,10010.000000,9895.000000,9993.000000,9556.400391,929300
2019-01-30,10020.000000,10025.000000,9939.000000,9988.000000,9551.618164,819700
2019-01-31,10175.000000,10270.000000,10060.000000,10080.000000,9639.599609,786000
2019-02-01,10055.000000,10165.000000,10055.000000,10120.000000,9677.852539,550200
2019-02-04,10195.000000,10330.000000,10180.000000,10280.000000,9830.861328,728000
2019-02-05,10320.000000,10390.000000,10255.000000,10280.000000,9830.861328,598600
2019-02-06,10265.000000,10340.000000,10210.000000,10300.000000,9849.986328,685500
2019-02-07,10240.000000,10275.000000,10080.000000,10160.000000,9716.104492,563500
2019-02-08,10080.000000,10125.000000,10005.000000,10035.000000,9596.566406,631700
2019-02-12,10075.000000,10200.000000,10050.000000,10165.000000,9720.885742,823300
2019-02-13,10210.000000,10215.000000,10130.000000,10175.000000,9730.450195,513000
2019-02-14,10195.000000,10245.000000,10170.000000,10225.000000,9778.264648,506900
2019-02-15,10175.000000,10260.000000,10130.000000,10255.000000,9806.954102,562600
2019-02-18,10340.000000,10385.000000,10300.000000,10380.000000,9926.493164,576500
2019-02-19,10450.000000,10590.000000,10445.000000,10590.000000,10127.317383,1119100
2019-02-20,10620.000000,10655.000000,10550.000000,10620.000000,10156.006836,498100
2019-02-21,10630.000000,10665.000000,10545.000000,10630.000000,10165.569336,512400
2019-02-22,10615.000000,10665.000000,10540.000000,10545.000000,10084.283203,437000
2019-02-25,10525.000000,10585.000000,10490.000000,10570.000000,10108.191406,526800
2019-02-26,10560.000000,10610.000000,10545.000000,10595.000000,10132.098633,562100
2019-02-27,10615.000000,10680.000000,10605.000000,10635.000000,10170.351563,562300
2019-02-28,10635.000000,10745.000000,10635.000000,10660.000000,10194.258789,868400
2019-03-01,10735.000000,10765.000000,10665.000000,10720.000000,10251.637695,547400
2019-03-04,10795.000000,10805.000000,10635.000000,10670.000000,10203.821289,462600
2019-03-05,10650.000000,10700.000000,10595.000000,10650.000000,10184.696289,503800
2019-03-06,10645.000000,10670.000000,10605.000000,10645.000000,10179.914063,705300
2019-03-07,10565.000000,10640.000000,10520.000000,10620.000000,10156.006836,606900
2019-03-08,10550.000000,10635.000000,10505.000000,10510.000000,10050.812500,934700
2019-03-11,10510.000000,10630.000000,10495.000000,10610.000000,10146.443359,482800
2019-03-12,10650.000000,10720.000000,10605.000000,10665.000000,10199.041992,316200
2019-03-13,10695.000000,10715.000000,10520.000000,10570.000000,10108.191406,343300
2019-03-14,10660.000000,10720.000000,10620.000000,10660.000000,10194.258789,403000
2019-03-15,10720.000000,10775.000000,10660.000000,10730.000000,10261.200195,1147100
2019-03-18,10700.000000,10725.000000,10670.000000,10705.000000,10237.292969,330900
2019-03-19,10680.000000,10700.000000,10595.000000,10640.000000,10175.132813,368300
2019-03-20,10625.000000,10710.000000,10625.000000,10710.000000,10242.074219,630300
2019-03-22,10720.000000,10790.000000,10665.000000,10785.000000,10313.797852,919300
2019-03-25,10695.000000,10705.000000,10510.000000,10530.000000,10069.938477,520700
2019-03-26,10680.000000,10940.000000,10640.000000,10895.000000,10418.992188,800200
2019-03-27,10805.000000,10905.000000,10780.000000,10900.000000,10496.026367,577200
2019-03-28,10850.000000,10865.000000,10565.000000,10595.000000,10202.331055,700200
2019-03-29,10730.000000,10745.000000,10660.000000,10680.000000,10284.180664,689900
2019-04-01,10800.000000,10925.000000,10780.000000,10825.000000,10423.806641,579100
2019-04-02,10930.000000,10935.000000,10605.000000,10610.000000,10216.774414,471300
2019-04-03,10600.000000,10615.000000,10505.000000,10535.000000,10144.554688,421700
2019-04-04,10480.000000,10490.000000,10260.000000,10340.000000,9956.782227,646700
2019-04-05,10340.000000,10440.000000,10310.000000,10385.000000,10000.113281,591200
2019-04-08,10400.000000,10405.000000,10325.000000,10405.000000,10019.372070,329500
2019-04-09,10355.000000,10375.000000,10270.000000,10300.000000,9918.263672,380800
2019-04-10,10250.000000,10280.000000,10215.000000,10245.000000,9865.302734,271700
2019-04-11,10195.000000,10265.000000,10175.000000,10225.000000,9846.043945,354300
2019-04-12,10215.000000,10235.000000,10140.000000,10220.000000,9841.228516,532300
2019-04-15,10395.000000,10440.000000,10320.000000,10320.000000,9937.523438,969000
2019-04-16,10285.000000,10290.000000,10225.000000,10240.000000,9860.487305,539500
2019-04-17,10285.000000,10295.000000,10190.000000,10220.000000,9841.228516,516000
2019-04-18,10255.000000,10255.000000,10165.000000,10195.000000,9817.155273,541300
2019-04-19,10200.000000,10205.000000,10030.000000,10080.000000,9706.417969,448300
2019-04-22,10060.000000,10150.000000,10045.000000,10135.000000,9759.379883,368900
2019-04-23,10170.000000,10260.000000,10130.000000,10220.000000,9841.228516,790900
2019-04-24,10320.000000,10335.000000,10115.000000,10120.000000,9744.936523,858400
2019-04-25,10290.000000,10355.000000,10195.000000,10320.000000,9937.523438,824600
2019-04-26,10545.000000,10570.000000,10350.000000,10465.000000,10077.148438,1291400
2019-05-07,10360.000000,10395.000000,10160.000000,10215.000000,9836.414063,1163000
2019-05-08,10090.000000,10140.000000,9946.000000,10005.000000,9634.198242,1005300
2019-05-09,9989.000000,9989.000000,9789.000000,9826.000000,9461.831055,1051200
2019-05-10,9843.000000,9942.000000,9813.000000,9904.000000,9536.941406,913200
2019-05-13,9834.000000,9880.000000,9791.000000,9865.000000,9499.385742,511500
2019-05-14,9720.000000,9894.000000,9710.000000,9870.000000,9504.201172,757100
2019-05-15,9936.000000,9998.000000,9901.000000,9993.000000,9622.641602,885800
2019-05-16,9980.000000,10170.000000,9958.000000,10165.000000,9788.267578,976900
2019-05-17,10270.000000,10315.000000,10230.000000,10280.000000,9899.005859,825000
2019-05-20,10280.000000,10360.000000,10280.000000,10350.000000,9966.411133,544900
2019-05-21,10330.000000,10450.000000,10330.000000,10440.000000,10053.076172,839200
2019-05-22,10480.000000,10480.000000,10265.000000,10270.000000,9889.376953,753400
2019-05-23,10330.000000,10390.000000,10300.000000,10390.000000,10004.928711,754100
2019-05-24,10400.000000,10470.000000,10380.000000,10450.000000,10062.704102,745100
2019-05-27,10475.000000,10475.000000,10420.000000,10465.000000,10077.148438,612600
2019-05-28,10485.000000,10540.000000,10445.000000,10460.000000,10072.333984,828400
2019-05-29,10440.000000,10485.000000,10385.000000,10455.000000,10067.520508,730000
2019-05-30,10345.000000,10360.000000,10245.000000,10335.000000,9951.965820,694100
2019-05-31,10325.000000,10390.000000,10295.000000,10310.000000,9927.893555,769400
2019-06-03,10185.000000,10395.000000,10185.000000,10395.000000,10009.744141,669400
2019-06-04,10370.000000,10375.000000,10220.000000,10270.000000,9889.376953,697900
2019-06-05,10325.000000,10385.000000,10305.000000,10375.000000,9990.483398,703100
2019-06-06,10440.000000,10500.000000,10390.000000,10485.000000,10096.408203,735100
2019-06-07,10460.000000,10490.000000,10355.000000,10475.000000,10086.778320,644300
2019-06-10,10520.000000,10590.000000,10480.000000,10560.000000,10168.628906,554100
2019-06-11,10510.000000,10535.000000,10450.000000,10480.000000,10091.592773,467500
2019-06-12,10455.000000,10505.000000,10455.000000,10465.000000,10077.148438,596900
2019-06-13,10425.000000,10440.000000,10295.000000,10355.000000,9971.225586,697700
2019-06-14,10360.000000,10405.000000,10310.000000,10375.000000,9990.483398,713100
2019-06-17,10365.000000,10385.000000,10265.000000,10265.000000,9884.561523,460600
2019-06-18,10260.000000,10275.000000,10110.000000,10135.000000,9759.379883,544800
2019-06-19,10235.000000,10290.000000,10215.000000,10240.000000,9860.487305,475600
2019-06-20,10305.000000,10360.000000,10270.000000,10275.000000,9894.191406,490300
2019-06-21,10240.000000,10245.000000,10100.000000,10105.000000,9730.491211,1088000
2019-06-24,10030.000000,10085.000000,9980.000000,10035.000000,9663.086914,590600
2019-06-25,10070.000000,10150.000000,10050.000000,10090.000000,9716.046875,442800
2019-06-26,10005.000000,10080.000000,9956.000000,10055.000000,9682.343750,658600
2019-06-27,10080.000000,10155.000000,10040.000000,10155.000000,9778.638672,853300
2019-06-28,10155.000000,10155.000000,10010.000000,10080.000000,9706.417969,781500
2019-07-01,10185.000000,10230.000000,10135.000000,10225.000000,9846.043945,815900
2019-07-02,10200.000000,10235.000000,10195.000000,10205.000000,9826.784180,661900
2019-07-03,10125.000000,10180.000000,10120.000000,10150.000000,9773.825195,894400
2019-07-04,10230.000000,10330.000000,10185.000000,10290.000000,9908.634766,706200
2019-07-05,10305.000000,10330.000000,10225.000000,10260.000000,9879.746094,476200
2019-07-08,10260.000000,10260.000000,10115.000000,10135.000000,9759.379883,732000
2019-07-09,10215.000000,10275.000000,10190.000000,10225.000000,9846.043945,956700
2019-07-10,10225.000000,10280.000000,10130.000000,10250.000000,9870.117188,935700
2019-07-11,10230.000000,10295.000000,10230.000000,10240.000000,9860.487305,524900
2019-07-12,10210.000000,10225.000000,10195.000000,10210.000000,9831.599609,547800
2019-07-16,10130.000000,10145.000000,10055.000000,10090.000000,9716.046875,544700
2019-07-17,10125.000000,10180.000000,10105.000000,10150.000000,9773.825195,568100
2019-07-18,10075.000000,10110.000000,9890.000000,9914.000000,9546.570313,952800
2019-07-19,9963.000000,10090.000000,9921.000000,10085.000000,9711.232422,678800
2019-07-22,10030.000000,10045.000000,9935.000000,9941.000000,9572.568359,642600
2019-07-23,9893.000000,9996.000000,9850.000000,9963.000000,9593.753906,600200
2019-07-24,9960.000000,9962.000000,9881.000000,9896.000000,9529.236328,743700
2019-07-25,9992.000000,9995.000000,9904.000000,9923.000000,9555.237305,565600
2019-07-26,9953.000000,10010.000000,9927.000000,9970.000000,9600.494141,673300
2019-07-29,9998.000000,10015.000000,9959.000000,10015.000000,9643.827148,459400
2019-07-30,10025.000000,10045.000000,9986.000000,10020.000000,9648.641602,516800
2019-07-31,10030.000000,10045.000000,9935.000000,10005.000000,9634.198242,954300
2019-08-01,9967.000000,10015.000000,9916.000000,9987.000000,9616.864258,701700
2019-08-02,9911.000000,9940.000000,9817.000000,9856.000000,9490.719727,1001400
2019-08-05,9770.000000,9812.000000,9668.000000,9805.000000,9441.610352,932300
2019-08-06,9686.000000,9899.000000,9636.000000,9886.000000,9519.608398,1025900
2019-08-07,9889.000000,10040.000000,9853.000000,10025.000000,9653.456055,788800
2019-08-08,9965.000000,10025.000000,9932.000000,10000.000000,9629.382813,444100
2019-08-09,10045.000000,10070.000000,10005.000000,10050.000000,9677.529297,414400
2019-08-13,10020.000000,10090.000000,9995.000000,10070.000000,9696.788086,679600
2019-08-14,10150.000000,10155.000000,9977.000000,10005.000000,9634.198242,583300
2019-08-15,9875.000000,9997.000000,9861.000000,9993.000000,9622.641602,465200
2019-08-16,9963.000000,10055.000000,9953.000000,10025.000000,9653.456055,407600
2019-08-19,10085.000000,10110.000000,10025.000000,10085.000000,9711.232422,354700
2019-08-20,10080.000000,10140.000000,10070.000000,10130.000000,9754.565430,317200
2019-08-21,10055.000000,10080.000000,10020.000000,10050.000000,9677.529297,415400
2019-08-22,10090.000000,10090.000000,10005.000000,10085.000000,9711.232422,363500
2019-08-23,10100.000000,10155.000000,10070.000000,10120.000000,9744.936523,383100
2019-08-26,9972.000000,10050.000000,9924.000000,10030.000000,9658.270508,646200
2019-08-27,10130.000000,10140.000000,10090.000000,10100.000000,9725.675781,535900
2019-08-28,10115.000000,10180.000000,10105.000000,10155.000000,9778.638672,659300
2019-08-29,10120.000000,10140.000000,10065.000000,10120.000000,9744.936523,482700
2019-08-30,10170.000000,10170.000000,10075.000000,10115.000000,9740.120117,651100
2019-09-02,10035.000000,10075.000000,10010.000000,10025.000000,9653.456055,342700
2019-09-03,10020.000000,10045.000000,9983.000000,10030.000000,9658.270508,346100
2019-09-04,10010.000000,10045.000000,9990.000000,10040.000000,9667.900391,381000
2019-09-05,10060.000000,10205.000000,10040.000000,10130.000000,9754.565430,823100
2019-09-06,10135.000000,10155.000000,10000.000000,10005.000000,9634.198242,517800
2019-09-09,10045.000000,10085.000000,10020.000000,10080.000000,9706.417969,576900
2019-09-10,10080.000000,10085.000000,9970.000000,9989.000000,9618.790039,765100
2019-09-11,10030.000000,10115.000000,9992.000000,10115.000000,9740.120117,998200
2019-09-12,10120.000000,10260.000000,10075.000000,10220.000000,9841.228516,1173500
2019-09-13,10240.000000,10480.000000,10200.000000,10475.000000,10086.778320,1482000
2019-09-17,10395.000000,10460.000000,10350.000000,10430.000000,10043.447266,942900
2019-09-18,10460.000000,10475.000000,10370.000000,10390.000000,10004.928711,787700
2019-09-19,10455.000000,10550.000000,10420.000000,10550.000000,10159.000000,1002900
2019-09-20,10590.000000,10600.000000,10365.000000,10470.000000,10081.963867,1326700
2019-09-24,10535.000000,10670.000000,10515.000000,10600.000000,10207.146484,827400
2019-09-25,10565.000000,10650.000000,10525.000000,10630.000000,10236.034180,692400
2019-09-26,10785.000000,10830.000000,10570.000000,10605.000000,10211.959961,1103600
2019-09-27,10530.000000,10565.000000,10380.000000,10490.000000,10180.418945,920700
2019-09-30,10365.000000,10425.000000,10270.000000,10310.000000,10005.731445,704200
2019-10-01,10400.000000,10485.000000,10385.000000,10385.000000,10078.517578,516600
2019-10-02,10425.000000,10495.000000,10410.000000,10495.000000,10185.271484,598100
2019-10-03,10335.000000,10380.000000,10225.000000,10290.000000,9986.322266,495400
2019-10-04,10230.000000,10375.000000,10230.000000,10375.000000,10068.812500,436800
2019-10-07,10360.000000,10420.000000,10360.000000,10420.000000,10112.485352,454700
2019-10-08,10500.000000,10500.000000,10360.000000,10420.000000,10112.485352,626700
2019-10-09,10385.000000,10470.000000,10365.000000,10465.000000,10156.157227,525100
2019-10-10,10395.000000,10455.000000,10300.000000,10390.000000,10083.371094,946100
2019-10-11,10430.000000,10495.000000,10390.000000,10460.000000,10151.304688,890700
2019-10-15,10455.000000,10490.000000,10325.000000,10485.000000,10175.567383,1096700
2019-10-16,10485.000000,10555.000000,10325.000000,10355.000000,10049.403320,1088900
2019-10-17,10335.000000,10375.000000,10235.000000,10245.000000,9942.650391,853500
2019-10-18,10210.000000,10240.000000,10080.000000,10100.000000,9801.928711,1037300
2019-10-21,10065.000000,10095.000000,10000.000000,10000.000000,9704.880859,1118100
2019-10-23,9999.000000,10200.000000,9998.000000,10200.000000,9898.978516,1113900
2019-10-24,10290.000000,10305.000000,10165.000000,10175.000000,9874.715820,563400
2019-10-25,10180.000000,10185.000000,10115.000000,10165.000000,9865.010742,616400
2019-10-28,10170.000000,10170.000000,9993.000000,9993.000000,9698.086914,968900
2019-10-29,9955.000000,9970.000000,9902.000000,9916.000000,9623.358398,1251000
2019-10-30,9950.000000,9979.000000,9917.000000,9936.000000,9642.769531,1437200
2019-10-31,9920.000000,9936.000000,9837.000000,9849.000000,9558.335938,1136500
2019-11-01,9856.000000,9943.000000,9856.000000,9937.000000,9643.740234,716600
2019-11-05,10015.000000,10070.000000,9961.000000,10060.000000,9763.109375,1273800
2019-11-06,10085.000000,10085.000000,9945.000000,10010.000000,9714.585938,1063900
2019-11-07,10115.000000,10185.000000,10020.000000,10065.000000,9767.961914,733600
2019-11-08,10110.000000,10110.000000,9985.000000,10015.000000,9719.438477,794400
2019-11-11,10090.000000,10125.000000,10060.000000,10120.000000,9821.339844,721500
2019-11-12,10085.000000,10095.000000,10030.000000,10055.000000,9758.256836,706800
2019-11-13,10105.000000,10145.000000,10060.000000,10090.000000,9792.223633,718500
2019-11-14,10085.000000,10100.000000,9979.000000,10010.000000,9714.585938,621600
2019-11-15,10045.000000,10060.000000,9994.000000,10010.000000,9714.585938,627300
2019-11-18,10000.000000,10045.000000,9964.000000,10045.000000,9748.552734,501100
2019-11-19,10065.000000,10135.000000,10045.000000,10115.000000,9816.486328,664400
2019-11-20,10065.000000,10115.000000,10035.000000,10115.000000,9816.486328,556300
2019-11-21,10130.000000,10145.000000,10005.000000,10140.000000,9840.749023,748600
2019-11-22,10150.000000,10155.000000,10080.000000,10080.000000,9782.519531,526600
2019-11-25,10135.000000,10195.000000,10120.000000,10195.000000,9894.125000,459700
2019-11-26,10245.000000,10315.000000,10215.000000,10275.000000,9971.765625,1436200
2019-11-27,10325.000000,10325.000000,10195.000000,10245.000000,9942.650391,675600
2019-11-28,10195.000000,10195.000000,10120.000000,10135.000000,9835.896484,574200
2019-11-29,10170.000000,10170.000000,10070.000000,10070.000000,9772.814453,531800
2019-12-02,10035.000000,10165.000000,10030.000000,10085.000000,9787.372070,624800
2019-12-03,9970.000000,10005.000000,9888.000000,9957.000000,9663.149414,921500
2019-12-04,9901.000000,10005.000000,9901.000000,9987.000000,9692.263672,872000
2019-12-05,9987.000000,9990.000000,9911.000000,9945.000000,9651.502930,834400
2019-12-06,9946.000000,9950.000000,9895.000000,9902.000000,9609.772461,1258800
2019-12-09,10005.000000,10005.000000,9911.000000,9956.000000,9662.179688,943500
2019-12-10,9922.000000,9932.000000,9866.000000,9870.000000,9578.717773,1066700
2019-12-11,9838.000000,9890.000000,9785.000000,9859.000000,9568.041016,1125000
2019-12-12,9910.000000,9917.000000,9834.000000,9835.000000,9544.750000,1061600
2019-12-13,9985.000000,10065.000000,9935.000000,9961.000000,9667.032227,1360100
2019-12-16,9922.000000,9989.000000,9903.000000,9903.000000,9610.744141,674800
2019-12-17,9942.000000,9949.000000,9866.000000,9942.000000,9648.591797,876000
2019-12-18,9877.000000,9908.000000,9877.000000,9888.000000,9596.185547,970100
2019-12-19,9851.000000,9904.000000,9851.000000,9878.000000,9586.480469,847500
2019-12-20,9906.000000,9914.000000,9848.000000,9849.000000,9558.335938,978400
2019-12-23,9846.000000,9870.000000,9820.000000,9862.000000,9570.953125,824800
2019-12-24,9887.000000,9912.000000,9832.000000,9843.000000,9552.513672,586800
2019-12-25,9840.000000,9854.000000,9831.000000,9838.000000,9547.661133,237100
2019-12-26,9870.000000,9873.000000,9840.000000,9869.000000,9577.746094,521000
2019-12-27,9897.000000,9925.000000,9884.000000,9884.000000,9592.304688,589600
2019-12-30,9886.000000,9908.000000,9858.000000,9858.000000,9567.071289,527000
2020-01-06,9785.000000,9816.000000,9670.000000,9676.000000,9390.441406,1179000
2020-01-07,9727.000000,9801.000000,9701.000000,9774.000000,9485.549805,900000
2020-01-08,9721.000000,9790.000000,9685.000000,9755.000000,9467.111328,933700
2020-01-09,9834.000000,9844.000000,9794.000000,9814.000000,9524.369141,887300
2020-01-10,9893.000000,9909.000000,9863.000000,9889.000000,9597.156250,1120600
2020-01-14,9950.000000,9968.000000,9894.000000,9958.000000,9664.120117,873000
2020-01-15,9958.000000,9958.000000,9881.000000,9940.000000,9646.651367,720000
2020-01-16,9923.000000,9940.000000,9889.000000,9905.000000,9612.683594,556100
2020-01-17,9950.000000,9953.000000,9925.000000,9943.000000,9649.563477,555600
2020-01-20,9991.000000,10020.000000,9984.000000,9991.000000,9696.145508,536400
2020-01-21,10030.000000,10035.000000,9987.000000,10000.000000,9704.880859,449600
2020-01-22,9991.000000,10010.000000,9973.000000,9991.000000,9696.145508,565400
2020-01-23,9963.000000,9987.000000,9923.000000,9925.000000,9632.093750,702800
2020-01-24,10000.000000,10040.000000,9965.000000,10020.000000,9724.290039,729100
2020-01-27,9918.000000,9951.000000,9875.000000,9910.000000,9617.537109,860900
2020-01-28,9898.000000,9909.000000,9835.000000,9866.000000,9574.834961,1022700
2020-01-29,9920.000000,9997.000000,9913.000000,9980.000000,9685.469727,774100
2020-01-30,9907.000000,9957.000000,9841.000000,9859.000000,9568.041016,1015900
2020-01-31,9813.000000,9848.000000,9700.000000,9700.000000,9413.733398,1589700
2020-02-03,9555.000000,9573.000000,9474.000000,9533.000000,9251.662109,1379600
2020-02-04,9523.000000,9651.000000,9496.000000,9622.000000,9338.036133,1492500
2020-02-05,9665.000000,9762.000000,9656.000000,9733.000000,9445.759766,754200
2020-02-06,9845.000000,9880.000000,9809.000000,9823.000000,9533.104492,1055100
2020-02-07,9848.000000,9864.000000,9715.000000,9750.000000,9462.257813,791700
2020-02-10,9666.000000,9713.000000,9629.000000,9641.000000,9356.475586,938900
2020-02-12,9630.000000,9638.000000,9559.000000,9559.000000,9276.895508,1335300
2020-02-13,9620.000000,9626.000000,9511.000000,9520.000000,9239.046875,1310000
2020-02-14,9511.000000,9537.000000,9425.000000,9438.000000,9159.465820,1041400
2020-02-17,9352.000000,9358.000000,9208.000000,9211.000000,8939.166016,1128100
2020-02-18,9150.000000,9211.000000,9080.000000,9089.000000,8820.766602,1151300
2020-02-19,9167.000000,9271.000000,9140.000000,9185.000000,8913.932617,1217300
2020-02-20,9176.000000,9185.000000,9014.000000,9014.000000,8747.978516,1278200
2020-02-21,9015.000000,9128.000000,8981.000000,9089.000000,8820.766602,914300
2020-02-25,8726.000000,8959.000000,8689.000000,8824.000000,8563.585938,1888000
2020-02-26,8800.000000,8800.000000,8644.000000,8720.000000,8462.655273,2067900
2020-02-27,8608.000000,8644.000000,8517.000000,8528.000000,8276.322266,1599000
2020-02-28,8350.000000,8434.000000,8207.000000,8319.000000,8073.489746,2506400
2020-03-02,8161.000000,8395.000000,8130.000000,8284.000000,8039.522949,2447800
2020-03-03,8381.000000,8395.000000,8172.000000,8180.000000,7938.592285,2081600
2020-03-04,8129.000000,8274.000000,8047.000000,8212.000000,7969.647949,1411600
2020-03-05,8321.000000,8384.000000,8281.000000,8357.000000,8110.369141,2250400
2020-03-06,8200.000000,8246.000000,8049.000000,8093.000000,7854.159668,1850800
2020-03-09,7911.000000,7945.000000,7717.000000,7786.000000,7556.220215,1768200
2020-03-10,7668.000000,8035.000000,7500.000000,7973.000000,7737.701172,2042300
2020-03-11,7971.000000,8128.000000,7900.000000,8008.000000,7771.668457,1493900
2020-03-12,7878.000000,7968.000000,7703.000000,7805.000000,7574.658691,2019000
2020-03-13,7400.000000,7606.000000,7060.000000,7330.000000,7113.677246,3061800
2020-03-16,7301.000000,7769.000000,7290.000000,7496.000000,7274.778320,2210500
2020-03-17,7470.000000,8002.000000,7374.000000,7948.000000,7713.438965,2386800
2020-03-18,8001.000000,8422.000000,7922.000000,8184.000000,7942.474121,2389800
2020-03-19,8334.000000,8711.000000,8167.000000,8285.000000,8040.493652,2829000
2020-03-23,8100.000000,8369.000000,7923.000000,8278.000000,8033.700195,2443800
2020-03-24,8578.000000,8600.000000,8074.000000,8240.000000,7996.821777,2005900
2020-03-25,8390.000000,8450.000000,8037.000000,8400.000000,8152.099609,2009300
2020-03-26,8166.000000,8277.000000,8078.000000,8238.000000,7994.880859,1858100
2020-03-27,8342.000000,8649.000000,8250.000000,8649.000000,8393.751953,2309000
2020-03-30,8330.000000,8522.000000,8303.000000,8522.000000,8350.148438,1558400
2020-03-31,8522.000000,8600.000000,8173.000000,8176.000000,8011.125488,1563500
2020-04-01,7950.000000,8000.000000,7686.000000,7747.000000,7590.776855,1936100
2020-04-02,7740.000000,7740.000000,7560.000000,7580.000000,7427.144043,1450600
2020-04-03,7697.000000,7815.000000,7464.000000,7530.000000,7378.152832,1245000
2020-04-06,7480.000000,7858.000000,7450.000000,7845.000000,7686.800781,1855700
2020-04-07,8080.000000,8200.000000,7950.000000,8062.000000,7899.424316,1625100
2020-04-08,8106.000000,8509.000000,8106.000000,8500.000000,8328.592773,1989500
2020-04-09,8474.000000,8493.000000,8135.000000,8280.000000,8113.027832,1576500
2020-04-10,8278.000000,8356.000000,8111.000000,8342.000000,8173.778809,1045300
2020-04-13,8192.000000,8298.000000,8150.000000,8224.000000,8058.157227,771400
2020-04-14,8263.000000,8349.000000,8214.000000,8349.000000,8180.637207,849800
2020-04-15,8230.000000,8424.000000,8212.000000,8420.000000,8250.204102,1089400
2020-04-16,8300.000000,8369.000000,8270.000000,8340.000000,8171.818359,942100
2020-04-17,8400.000000,8424.000000,8136.000000,8156.000000,7991.528809,1407900
2020-04-20,8048.000000,8177.000000,8045.000000,8134.000000,7969.973145,835200
2020-04-21,8000.000000,8174.000000,7999.000000,8144.000000,7979.770508,801600
2020-04-22,8144.000000,8215.000000,8111.000000,8158.000000,7993.488281,694200
2020-04-23,8125.000000,8179.000000,8020.000000,8154.000000,7989.568848,944800
2020-04-24,8131.000000,8133.000000,8007.000000,8057.000000,7894.525391,1168300
2020-04-27,8179.000000,8237.000000,8058.000000,8237.000000,8070.895508,855700
2020-04-28,8198.000000,8204.000000,8076.000000,8137.000000,7972.911621,845000
2020-04-30,8200.000000,8200.000000,7873.000000,7873.000000,7714.235840,2251500
2020-05-01,7812.000000,7866.000000,7672.000000,7681.000000,7526.107422,1433200
2020-05-07,7570.000000,7630.000000,7400.000000,7418.000000,7268.411133,1555600
2020-05-08,7500.000000,7814.000000,7475.000000,7811.000000,7653.486328,1451400
2020-05-11,7851.000000,8250.000000,7851.000000,8208.000000,8042.480469,1471200
2020-05-12,8094.000000,8165.000000,7981.000000,8053.000000,7890.606445,894400
2020-05-13,7932.000000,8040.000000,7910.000000,8000.000000,7838.674805,874000
2020-05-14,7982.000000,8137.000000,7963.000000,7965.000000,7804.380859,820000
2020-05-15,7980.000000,8007.000000,7818.000000,7857.000000,7698.558105,951700
2020-05-18,7820.000000,7887.000000,7758.000000,7782.000000,7625.071289,868100
2020-05-19,8003.000000,8057.000000,7906.000000,7962.000000,7801.440918,903500
2020-05-20,8026.000000,8117.000000,7942.000000,8090.000000,7926.859863,1157400
2020-05-21,8080.000000,8083.000000,7900.000000,7900.000000,7740.690918,907200
2020-05-22,7920.000000,7948.000000,7811.000000,7840.000000,7681.900879,750800
2020-05-25,7970.000000,8230.000000,7921.000000,8229.000000,8063.057129,1295500
2020-05-26,8379.000000,8604.000000,8300.000000,8564.000000,8391.301758,2176900
2020-05-27,8566.000000,8566.000000,8315.000000,8389.000000,8219.831055,1521700
2020-05-28,8502.000000,8510.000000,8394.000000,8461.000000,8290.378906,1313300
2020-05-29,8390.000000,8496.000000,8347.000000,8450.000000,8279.600586,2458300
2020-06-01,8347.000000,8356.000000,8243.000000,8275.000000,8108.129395,972700
2020-06-02,8350.000000,8527.000000,8331.000000,8443.000000,8272.742188,1168200
2020-06-03,8520.000000,8596.000000,8463.000000,8569.000000,8396.199219,1135000
2020-06-04,8600.000000,8720.000000,8505.000000,8529.000000,8357.007813,1158100
2020-06-05,8470.000000,8689.000000,8465.000000,8683.000000,8507.902344,1022900
2020-06-08,8726.000000,8820.000000,8643.000000,8804.000000,8626.460938,1263100
2020-06-09,8836.000000,8881.000000,8640.000000,8702.000000,8526.517578,1255000
2020-06-10,8680.000000,8695.000000,8587.000000,8618.000000,8444.211914,864700
2020-06-11,8500.000000,8617.000000,8440.000000,8440.000000,8269.801758,899200
2020-06-12,8275.000000,8385.000000,8175.000000,8370.000000,8201.212891,1116800
2020-06-15,8277.000000,8364.000000,8134.000000,8153.000000,7988.589355,707700
2020-06-16,8131.000000,8290.000000,8113.000000,8269.000000,8102.250488,1315200
2020-06-17,8270.000000,8290.000000,8097.000000,8097.000000,7933.718750,1026700
2020-06-18,8085.000000,8148.000000,8007.000000,8110.000000,7946.456543,1045100
2020-06-19,8170.000000,8170.000000,8016.000000,8022.000000,7860.230957,1399200
2020-06-22,8020.000000,8038.000000,7899.000000,7899.000000,7739.711914,1281200
2020-06-23,7900.000000,7998.000000,7844.000000,7927.000000,7767.146973,1220000
2020-06-24,7830.000000,7914.000000,7781.000000,7796.000000,7638.788574,1612000
2020-06-25,7700.000000,7715.000000,7544.000000,7600.000000,7446.741211,1858700
2020-06-26,7716.000000,7758.000000,7650.000000,7700.000000,7544.724121,1453400
2020-06-29,7598.000000,7598.000000,7484.000000,7501.000000,7349.737305,1282800
2020-06-30,7600.000000,7613.000000,7470.000000,7474.000000,7323.281738,1374100
2020-07-01,7549.000000,7558.000000,7380.000000,7391.000000,7241.956055,1255300
2020-07-02,7394.000000,7522.000000,7377.000000,7428.000000,7278.208984,1106500
2020-07-03,7457.000000,7477.000000,7324.000000,7386.000000,7237.056152,844700
2020-07-06,7350.000000,7479.000000,7336.000000,7474.000000,7323.281738,684800
2020-07-07,7400.000000,7412.000000,7261.000000,7273.000000,7126.334961,1397100
2020-07-08,7290.000000,7372.000000,7229.000000,7235.000000,7089.101563,1529400
2020-07-09,7251.000000,7295.000000,7130.000000,7176.000000,7031.291016,1477400
2020-07-10,7170.000000,7188.000000,7056.000000,7116.000000,6972.501465,1554200
2020-07-13,7200.000000,7245.000000,7136.000000,7229.000000,7083.222656,764300
2020-07-14,7246.000000,7261.000000,7146.000000,7158.000000,7013.654297,907100
2020-07-15,7250.000000,7404.000000,7244.000000,7325.000000,7177.286621,1389200
2020-07-16,7400.000000,7495.000000,7320.000000,7362.000000,7213.540527,1580300
2020-07-17,7328.000000,7349.000000,7265.000000,7294.000000,7146.911621,665500
2020-07-20,7205.000000,7208.000000,7087.000000,7155.000000,7010.714844,1078700
2020-07-21,7095.000000,7126.000000,7038.000000,7066.000000,6923.509766,1265000
2020-07-22,6998.000000,7000.000000,6858.000000,6860.000000,6721.663574,2181400
2020-07-27,6760.000000,6982.000000,6700.000000,6976.000000,6835.324219,2386100
2020-07-28,6958.000000,7005.000000,6825.000000,6853.000000,6714.804688,1577500
2020-07-29,6780.000000,6780.000000,6638.000000,6640.000000,6506.100586,1601200
2020-07-30,6561.000000,6636.000000,6328.000000,6341.000000,6213.129883,2125500
2020-07-31,6151.000000,6319.000000,6061.000000,6071.000000,5948.574219,2551300
2020-08-03,6116.000000,6236.000000,5888.000000,5943.000000,5823.155273,2291700
2020-08-04,6005.000000,6455.000000,5957.000000,6441.000000,6311.112793,2790600
2020-08-05,6395.000000,6400.000000,6185.000000,6284.000000,6157.278809,2347500
2020-08-06,6234.000000,6249.000000,6114.000000,6129.000000,6005.404785,1619600
2020-08-07,6076.000000,6335.000000,6056.000000,6271.000000,6144.541504,2005200
2020-08-11,6352.000000,6610.000000,6352.000000,6549.000000,6416.935059,2803500
2020-08-12,6571.000000,6783.000000,6492.000000,6758.000000,6621.720215,2468300
2020-08-13,6826.000000,6870.000000,6645.000000,6776.000000,6639.357422,2001500
2020-08-14,6724.000000,6742.000000,6625.000000,6673.000000,6538.434570,1881300
2020-08-17,6600.000000,6653.000000,6542.000000,6542.000000,6410.076660,1272700
2020-08-18,6466.000000,6521.000000,6412.000000,6503.000000,6371.862793,1630300
2020-08-19,6494.000000,6637.000000,6456.000000,6627.000000,6493.362305,1483900
2020-08-20,6651.000000,6789.000000,6638.000000,6678.000000,6543.333496,1406600
2020-08-21,6669.000000,6810.000000,6668.000000,6762.000000,6625.639648,1356700
2020-08-24,6800.000000,6805.000000,6649.000000,6691.000000,6556.071777,1171100
2020-08-25,6810.000000,6868.000000,6752.000000,6806.000000,6668.752930,1974900
2020-08-26,6797.000000,6809.000000,6704.000000,6809.000000,6671.691895,1301900
2020-08-27,6784.000000,6784.000000,6632.000000,6635.000000,6501.200684,2137000
2020-08-28,6700.000000,6980.000000,6698.000000,6794.000000,6656.994141,3017700
2020-08-31,6953.000000,7016.000000,6870.000000,6897.000000,6757.917480,2058500
2020-09-01,6806.000000,6883.000000,6735.000000,6829.000000,6691.288574,1510500
2020-09-02,6831.000000,6847.000000,6754.000000,6791.000000,6654.055176,1193300
2020-09-03,6844.000000,6865.000000,6778.000000,6802.000000,6664.833496,1009600
2020-09-04,6827.000000,6834.000000,6715.000000,6797.000000,6659.934082,1371400
2020-09-07,6800.000000,6878.000000,6800.000000,6866.000000,6727.542969,974700
2020-09-08,6920.000000,7046.000000,6803.000000,6817.000000,6679.530762,2312100
2020-09-09,6749.000000,6887.000000,6701.000000,6887.000000,6748.119141,1439800
2020-09-10,6900.000000,6966.000000,6843.000000,6959.000000,6818.666992,1206400
2020-09-11,6951.000000,7173.000000,6904.000000,7152.000000,7007.775391,2171100
2020-09-14,7230.000000,7273.000000,7139.000000,7171.000000,7026.392090,1736200
2020-09-15,7021.000000,7041.000000,6930.000000,6972.000000,6831.405273,1664800
2020-09-16,6950.000000,6983.000000,6878.000000,6900.000000,6760.856934,1180300
2020-09-17,6737.000000,6800.000000,6545.000000,6578.000000,6445.350586,2778600
2020-09-18,6585.000000,6770.000000,6560.000000,6738.000000,6602.124023,2387800
2020-09-23,6672.000000,6856.000000,6651.000000,6850.000000,6711.864746,1256400
2020-09-24,6896.000000,6926.000000,6825.000000,6907.000000,6767.715820,1481600
2020-09-25,6868.000000,6876.000000,6673.000000,6710.000000,6574.688965,1783700
2020-09-28,6744.000000,6784.000000,6580.000000,6775.000000,6638.377441,1820500
2020-09-29,6674.000000,6714.000000,6616.000000,6648.000000,6562.369629,1382600
2020-09-30,6618.000000,6644.000000,6480.000000,6480.000000,6396.533203,1520000
2020-10-02,6476.000000,6480.000000,6292.000000,6318.000000,6236.620117,1714400
2020-10-05,6452.000000,6596.000000,6430.000000,6554.000000,6469.580078,1553100
2020-10-06,6597.000000,6602.000000,6467.000000,6571.000000,6486.361328,1540200
2020-10-07,6537.000000,6567.000000,6456.000000,6555.000000,6470.567383,919600
2020-10-08,6490.000000,6518.000000,6431.000000,6450.000000,6366.919922,1578100
2020-10-09,6446.000000,6469.000000,6338.000000,6353.000000,6271.168945,1207200
2020-10-12,6325.000000,6391.000000,6302.000000,6374.000000,6291.898438,764300
2020-10-13,6390.000000,6456.000000,6385.000000,6452.000000,6368.894043,742900
2020-10-14,6420.000000,6420.000000,6349.000000,6370.000000,6287.950684,786500
2020-10-15,6368.000000,6382.000000,6282.000000,6295.000000,6213.916504,937300
2020-10-16,6280.000000,6280.000000,6150.000000,6150.000000,6070.784180,1345000
2020-10-19,6144.000000,6253.000000,6135.000000,6169.000000,6089.539063,1089400
2020-10-20,6107.000000,6107.000000,5887.000000,5887.000000,5811.171875,3411400
2020-10-21,5889.000000,6006.000000,5855.000000,5912.000000,5835.849609,3378100
2020-10-22,5851.000000,5868.000000,5711.000000,5730.000000,5656.193848,2860400
2020-10-23,5760.000000,5860.000000,5738.000000,5838.000000,5762.802734,1883200
2020-10-26,5843.000000,5898.000000,5789.000000,5843.000000,5767.738281,1334400
2020-10-27,5841.000000,5841.000000,5733.000000,5792.000000,5717.395020,1294200
2020-10-28,5733.000000,5785.000000,5700.000000,5738.000000,5664.090820,1405800
2020-10-29,5550.000000,5677.000000,5530.000000,5602.000000,5529.842773,2104000
2020-10-30,5615.000000,5630.000000,5446.000000,5457.000000,5386.710449,2808500
2020-11-02,5525.000000,5688.000000,5520.000000,5647.000000,5574.262695,1943700
2020-11-04,5672.000000,5711.000000,5595.000000,5643.000000,5570.314453,1509200
2020-11-05,5650.000000,5670.000000,5546.000000,5662.000000,5589.069824,1413200
2020-11-06,5659.000000,5708.000000,5601.000000,5660.000000,5587.095215,1514200
2020-11-09,5656.000000,5662.000000,5522.000000,5529.000000,5457.783203,1753500
2020-11-10,6300.000000,6386.000000,6120.000000,6386.000000,6303.744141,5972400
2020-11-11,6550.000000,6628.000000,6353.000000,6489.000000,6405.417480,4838600
2020-11-12,6393.000000,6438.000000,6265.000000,6350.000000,6268.208008,2928500
2020-11-13,6151.000000,6198.000000,6056.000000,6140.000000,6060.913086,2353200
2020-11-16,6165.000000,6266.000000,6129.000000,6260.000000,6179.367188,1423300
2020-11-17,6499.000000,6531.000000,6415.000000,6515.000000,6431.082520,2694400
2020-11-18,6501.000000,6612.000000,6450.000000,6528.000000,6443.915039,3116500
2020-11-19,6470.000000,6562.000000,6432.000000,6559.000000,6474.516113,2160500
2020-11-20,6510.000000,6580.000000,6479.000000,6505.000000,6421.211426,1965800
2020-11-24,6635.000000,6804.000000,6631.000000,6754.000000,6667.003906,2651400
2020-11-25,6878.000000,6884.000000,6669.000000,6678.000000,6591.982910,2564800
2020-11-26,6650.000000,6757.000000,6620.000000,6717.000000,6630.480957,2098000
2020-11-27,6745.000000,6768.000000,6694.000000,6721.000000,6634.429199,2575700
2020-11-30,6799.000000,6800.000000,6488.000000,6488.000000,6404.430176,3948500
2020-12-01,6540.000000,6630.000000,6440.000000,6619.000000,6533.743164,2724700
2020-12-02,6745.000000,6899.000000,6704.000000,6811.000000,6723.270020,2824600
2020-12-03,6889.000000,7039.000000,6885.000000,6989.000000,6898.977051,2615600
2020-12-04,6950.000000,7080.000000,6936.000000,6970.000000,6880.222168,1866300
2020-12-07,7005.000000,7038.000000,6861.000000,6911.000000,6821.981934,1207100
2020-12-08,6900.000000,6968.000000,6860.000000,6922.000000,6832.840332,1258400
2020-12-09,6935.000000,6943.000000,6840.000000,6906.000000,6817.046387,1423700
2020-12-10,6931.000000,7006.000000,6908.000000,6908.000000,6819.020508,1869800
2020-12-11,6949.000000,6995.000000,6891.000000,6989.000000,6898.977051,1368800
2020-12-14,6994.000000,7036.000000,6929.000000,6932.000000,6842.711426,1125900
2020-12-15,6851.000000,6973.000000,6823.000000,6965.000000,6875.286621,1136800
2020-12-16,6996.000000,7029.000000,6926.000000,6932.000000,6842.711426,1139000
2020-12-17,6857.000000,6869.000000,6665.000000,6674.000000,6588.034668,1679600
2020-12-18,6667.000000,6773.000000,6652.000000,6730.000000,6643.313477,1578100
2020-12-21,6707.000000,6724.000000,6580.000000,6636.000000,6550.523926,1137900
2020-12-22,6548.000000,6551.000000,6483.000000,6500.000000,6416.275879,1369000
2020-12-23,6550.000000,6598.000000,6495.000000,6529.000000,6444.901855,769400
2020-12-24,6595.000000,6672.000000,6591.000000,6630.000000,6544.601563,802100
2020-12-25,6597.000000,6646.000000,6585.000000,6646.000000,6560.395508,476300
2020-12-28,6691.000000,6785.000000,6645.000000,6763.000000,6675.888184,1472000
2020-12-29,6805.000000,6938.000000,6793.000000,6929.000000,6839.750000,1381700
2020-12-30,6922.000000,6932.000000,6834.000000,6885.000000,6796.316895,977100
2021-01-04,6852.000000,6852.000000,6586.000000,6648.000000,6562.369629,1369000
2021-01-05,6550.000000,6640.000000,6496.000000,6521.000000,6437.005371,1417200
2021-01-06,6500.000000,6576.000000,6464.000000,6542.000000,6457.734863,1420900
2021-01-07,6583.000000,6636.000000,6488.000000,6488.000000,6404.430176,1771800
2021-01-08,6499.000000,6607.000000,6470.000000,6599.000000,6514.000488,1713200
2021-01-12,6599.000000,6648.000000,6553.000000,6644.000000,6558.420898,1331000
2021-01-13,6622.000000,6630.000000,6559.000000,6628.000000,6542.626953,906300
2021-01-14,6605.000000,6722.000000,6556.000000,6704.000000,6617.647949,1582000
2021-01-15,6693.000000,6756.000000,6637.000000,6736.000000,6649.235840,1346500
2021-01-18,6833.000000,6855.000000,6786.000000,6825.000000,6737.089355,987600
2021-01-19,6825.000000,6860.000000,6729.000000,6835.000000,6746.960938,959500
2021-01-20,6850.000000,6859.000000,6745.000000,6778.000000,6690.695313,961800
2021-01-21,6792.000000,6845.000000,6762.000000,6800.000000,6712.411621,915900
2021-01-22,6782.000000,6792.000000,6723.000000,6760.000000,6672.926758,801800
2021-01-25,6802.000000,6868.000000,6760.000000,6840.000000,6751.896484,740800
2021-01-26,6817.000000,6817.000000,6713.000000,6733.000000,6646.274414,1221200
2021-01-27,6711.000000,6787.000000,6707.000000,6746.000000,6659.107422,896400
2021-01-28,6650.000000,6929.000000,6622.000000,6929.000000,6839.750000,1878400
2021-01-29,6920.000000,6989.000000,6876.000000,6890.000000,6801.252441,1074600
2021-02-01,6684.000000,6701.000000,6513.000000,6561.000000,6476.489746,2706400
2021-02-02,6588.000000,6775.000000,6570.000000,6775.000000,6687.733398,1719100
2021-02-03,6827.000000,7146.000000,6821.000000,7146.000000,7053.955078,2636300
2021-02-04,7182.000000,7366.000000,7054.000000,7095.000000,7003.611816,2490600
2021-02-05,7236.000000,7339.000000,7171.000000,7335.000000,7240.520508,2133800
2021-02-08,7503.000000,7709.000000,7487.000000,7691.000000,7591.935059,3254500
2021-02-09,7760.000000,7760.000000,7611.000000,7667.000000,7568.244141,1992600
2021-02-10,7612.000000,7769.000000,7528.000000,7710.000000,7610.690430,1061000
2021-02-12,7723.000000,7803.000000,7685.000000,7796.000000,7695.582520,1392800
2021-02-15,7807.000000,7854.000000,7745.000000,7789.000000,7688.672363,1119100
2021-02-16,7850.000000,7850.000000,7702.000000,7746.000000,7646.226563,902400
2021-02-17,7698.000000,7811.000000,7690.000000,7710.000000,7610.690430,1335400
2021-02-18,7743.000000,7789.000000,7597.000000,7635.000000,7536.656250,1438600
2021-02-19,7611.000000,7661.000000,7418.000000,7434.000000,7338.245117,1343700
2021-02-22,7665.000000,7709.000000,7585.000000,7625.000000,7526.785156,1130400
2021-02-24,7731.000000,7794.000000,7631.000000,7686.000000,7586.999512,1666300
2021-02-25,7836.000000,7920.000000,7740.000000,7900.000000,7798.243164,1646400
2021-02-26,7837.000000,7945.000000,7765.000000,7857.000000,7755.796875,2005500
2021-03-01,7930.000000,7945.000000,7770.000000,7834.000000,7733.093262,1345000
2021-03-02,7869.000000,7892.000000,7780.000000,7867.000000,7765.667969,1332000
2021-03-03,7875.000000,8028.000000,7851.000000,8028.000000,7924.594238,1517400
2021-03-04,8015.000000,8043.000000,7880.000000,7936.000000,7833.779297,1497400
2021-03-05,7935.000000,7995.000000,7881.000000,7994.000000,7891.032227,1301500
2021-03-08,8016.000000,8054.000000,7931.000000,7968.000000,7865.367188,1235100
2021-03-09,8100.000000,8305.000000,8092.000000,8303.000000,8196.051758,1881200
2021-03-10,8202.000000,8365.000000,8176.000000,8343.000000,8235.537109,1438800
2021-03-11,8343.000000,8348.000000,8167.000000,8200.000000,8094.378906,1511400
2021-03-12,8200.000000,8207.000000,8100.000000,8151.000000,8046.009766,1427200
2021-03-15,8216.000000,8265.000000,8149.000000,8261.000000,8154.593262,1156500
2021-03-16,8281.000000,8499.000000,8254.000000,8492.000000,8382.618164,1663100
2021-03-17,8452.000000,8540.000000,8400.000000,8518.000000,8408.283203,1347200
2021-03-18,8520.000000,8626.000000,8426.000000,8440.000000,8331.287109,1609000
2021-03-19,8484.000000,8499.000000,8395.000000,8442.000000,8333.261719,1829100
2021-03-22,8441.000000,8501.000000,8380.000000,8442.000000,8333.261719,1125000
2021-03-23,8383.000000,8403.000000,8142.000000,8145.000000,8040.086914,1970100
2021-03-24,7995.000000,8005.000000,7743.000000,7787.000000,7686.698242,2150300
2021-03-25,7894.000000,8038.000000,7894.000000,7946.000000,7843.650391,1427300
2021-03-26,8050.000000,8187.000000,7985.000000,8172.000000,8066.739258,1795300
2021-03-29,8269.000000,8280.000000,8073.000000,8152.000000,8046.996582,1727600
2021-03-30,8113.000000,8152.000000,8025.000000,8058.000000,8003.295410,1120400
2021-03-31,8000.000000,8016.000000,7839.000000,7839.000000,7785.782227,1454900
2021-04-01,7881.000000,7927.000000,7745.000000,7800.000000,7747.046875,981700
2021-04-02,7822.000000,7867.000000,7700.000000,7735.000000,7682.488281,777700
2021-04-05,7722.000000,7845.000000,7714.000000,7814.000000,7760.952148,779100
2021-04-06,7911.000000,7928.000000,7715.000000,7739.000000,7686.460938,934400
2021-04-07,7773.000000,7786.000000,7571.000000,7575.000000,7523.574219,1495100
2021-04-08,7547.000000,7550.000000,7376.000000,7425.000000,7374.592773,1556000
2021-04-09,7405.000000,7538.000000,7347.000000,7450.000000,7399.422852,1222000
2021-04-12,7497.000000,7616.000000,7490.000000,7536.000000,7484.839355,1252200
2021-04-13,7499.000000,7567.000000,7440.000000,7450.000000,7399.422852,932900
2021-04-14,7388.000000,7535.000000,7376.000000,7511.000000,7460.008789,929700
2021-04-15,7584.000000,7658.000000,7521.000000,7565.000000,7513.642578,757000
2021-04-16,7545.000000,7581.000000,7441.000000,7570.000000,7518.608398,753500
2021-04-19,7601.000000,7611.000000,7402.000000,7412.000000,7361.681152,839400
2021-04-20,7348.000000,7379.000000,7274.000000,7314.000000,7264.346191,1221300
2021-04-21,7206.000000,7239.000000,7130.000000,7186.000000,7137.215332,1086500
2021-04-22,7210.000000,7265.000000,7132.000000,7215.000000,7166.018555,977700
2021-04-23,7130.000000,7330.000000,7106.000000,7325.000000,7275.271484,1009500
2021-04-26,7430.000000,7600.000000,7344.000000,7577.000000,7525.561035,1489600
2021-04-27,7571.000000,7575.000000,7451.000000,7494.000000,7443.124512,1257100
2021-04-28,7472.000000,7487.000000,7363.000000,7363.000000,7313.013672,1176500
2021-04-30,7484.000000,7649.000000,7472.000000,7479.000000,7428.226074,1846900
2021-05-06,7650.000000,7705.000000,7591.000000,7689.000000,7636.800293,1432800
2021-05-07,7668.000000,7668.000000,7545.000000,7615.000000,7563.302734,901600
2021-05-10,7641.000000,7745.000000,7630.000000,7683.000000,7630.841309,724800
2021-05-11,7627.000000,7660.000000,7480.000000,7513.000000,7461.995605,1084800
2021-05-12,7448.000000,7502.000000,7363.000000,7394.000000,7343.803223,1014600
2021-05-13,7304.000000,7365.000000,7206.000000,7212.000000,7163.038574,1216800
2021-05-14,7297.000000,7490.000000,7290.000000,7453.000000,7402.402832,909300
2021-05-17,7542.000000,7602.000000,7510.000000,7543.000000,7491.791504,843800
2021-05-18,7595.000000,7658.000000,7550.000000,7642.000000,7590.119629,1147300
2021-05-19,7542.000000,7630.000000,7507.000000,7595.000000,7543.438477,1015500
2021-05-20,7607.000000,7621.000000,7556.000000,7582.000000,7530.526855,637900
2021-05-21,7468.000000,7505.000000,7385.000000,7467.000000,7416.307617,1299400
2021-05-24,7528.000000,7579.000000,7462.000000,7532.000000,7480.866211,969900
2021-05-25,7550.000000,7585.000000,7488.000000,7526.000000,7474.907227,888500
2021-05-26,7525.000000,7728.000000,7510.000000,7714.000000,7661.630859,1279700
2021-05-27,7712.000000,7805.000000,7628.000000,7631.000000,7579.194336,1914900
2021-05-28,7728.000000,7845.000000,7651.000000,7785.000000,7732.148926,1442400
2021-05-31,7780.000000,7798.000000,7603.000000,7650.000000,7598.065430,1488200
2021-06-01,7760.000000,7771.000000,7636.000000,7679.000000,7626.868652,1157500
2021-06-02,7753.000000,8142.000000,7730.000000,8142.000000,8086.725098,2952300
2021-06-03,8239.000000,8558.000000,8218.000000,8421.000000,8363.831055,4744500
2021-06-04,8302.000000,8395.000000,8238.000000,8277.000000,8220.808594,2359100
2021-06-07,8339.000000,8406.000000,8224.000000,8381.000000,8324.102539,2569500
2021-06-08,8400.000000,8469.000000,8388.000000,8412.000000,8354.892578,1785400
2021-06-09,8450.000000,8559.000000,8443.000000,8478.000000,8420.444336,1584000
2021-06-10,8503.000000,8569.000000,8419.000000,8515.000000,8457.193359,1513600
2021-06-11,8474.000000,8474.000000,8316.000000,8363.000000,8306.224609,1610200
2021-06-14,8415.000000,8503.000000,8335.000000,8335.000000,8278.415039,1296800
2021-06-15,8316.000000,8411.000000,8280.000000,8360.000000,8303.245117,1118800
2021-06-16,8408.000000,8455.000000,8242.000000,8249.000000,8192.999023,1246200
2021-06-17,8219.000000,8329.000000,8101.000000,8240.000000,8184.060059,1177200
2021-06-18,8182.000000,8208.000000,8041.000000,8042.000000,7987.404297,1549300
2021-06-21,7861.000000,8019.000000,7844.000000,8011.000000,7956.614746,1801700
2021-06-22,8200.000000,8279.000000,8122.000000,8276.000000,8219.815430,1664000
2021-06-23,8202.000000,8234.000000,8141.000000,8187.000000,8131.419922,1087400
2021-06-24,8152.000000,8156.000000,7992.000000,8000.000000,7945.688965,1425100
2021-06-25,8080.000000,8099.000000,7970.000000,8020.000000,7965.553223,1132900
2021-06-28,8059.000000,8096.000000,8003.000000,8027.000000,7972.505859,875900
2021-06-29,7900.000000,7966.000000,7834.000000,7928.000000,7874.178223,1352600
2021-06-30,7995.000000,8023.000000,7895.000000,7927.000000,7873.184570,1052900
2021-07-01,7985.000000,7997.000000,7897.000000,7948.000000,7894.041992,689700
2021-07-02,7927.000000,7981.000000,7885.000000,7928.000000,7874.178223,1085700
2021-07-05,7939.000000,7978.000000,7882.000000,7946.000000,7892.055664,916800
2021-07-06,8000.000000,8150.000000,7952.000000,8124.000000,8068.847168,1601300
2021-07-07,8040.000000,8154.000000,7954.000000,8045.000000,7990.383789,1366500
2021-07-08,7980.000000,8089.000000,7922.000000,8033.000000,7978.465332,1670000
2021-07-09,8004.000000,8129.000000,7909.000000,8111.000000,8055.935547,1651800
2021-07-12,8200.000000,8215.000000,8049.000000,8099.000000,8044.017090,1260800
2021-07-13,8149.000000,8170.000000,8083.000000,8111.000000,8055.935547,851500
2021-07-14,8080.000000,8105.000000,8008.000000,8029.000000,7974.492188,978800
2021-07-15,7971.000000,7971.000000,7841.000000,7846.000000,7792.734863,1154700
2021-07-16,7780.000000,7899.000000,7734.000000,7762.000000,7709.305176,1033000
2021-07-19,7679.000000,7735.000000,7595.000000,7627.000000,7575.221680,1204400
2021-07-20,7477.000000,7544.000000,7321.000000,7439.000000,7388.497559,2520000
2021-07-21,7565.000000,7578.000000,7445.000000,7470.000000,7419.287109,1429300
2021-07-26,7605.000000,7625.000000,7491.000000,7515.000000,7463.981934,1385000
2021-07-27,7527.000000,7664.000000,7464.000000,7648.000000,7596.079102,1647300
2021-07-28,7500.000000,7593.000000,7490.000000,7510.000000,7459.015625,1080200
2021-07-29,7510.000000,7533.000000,7418.000000,7446.000000,7395.450195,918700
2021-07-30,7320.000000,7418.000000,7267.000000,7280.000000,7230.577148,2070600
2021-08-02,7200.000000,7252.000000,7024.000000,7160.000000,7111.391602,2484500
2021-08-03,7109.000000,7170.000000,7037.000000,7084.000000,7035.907715,1826300
2021-08-04,7075.000000,7126.000000,7029.000000,7049.000000,7001.145508,1400500
2021-08-05,7007.000000,7077.000000,7001.000000,7046.000000,6998.165527,1134300
2021-08-06,7006.000000,7082.000000,6969.000000,7008.000000,6960.423828,1581700
2021-08-10,7026.000000,7269.000000,7017.000000,7200.000000,7151.120117,1788700
2021-08-11,7300.000000,7455.000000,7279.000000,7415.000000,7364.660645,2120600
2021-08-12,7413.000000,7459.000000,7332.000000,7345.000000,7295.135742,1134300
2021-08-13,7322.000000,7347.000000,7228.000000,7262.000000,7212.699219,1048100
2021-08-16,7258.000000,7258.000000,7175.000000,7221.000000,7171.977539,938200
2021-08-17,7233.000000,7280.000000,7170.000000,7212.000000,7163.038574,927300
2021-08-18,7190.000000,7219.000000,7152.000000,7207.000000,7158.072754,782400
2021-08-19,7180.000000,7185.000000,7117.000000,7120.000000,7071.663574,887400
2021-08-20,7050.000000,7216.000000,7044.000000,7147.000000,7098.479980,1139800
2021-08-23,7158.000000,7284.000000,7130.000000,7264.000000,7214.686035,1290300
2021-08-24,7361.000000,7421.000000,7315.000000,7399.000000,7348.769531,1316200
2021-08-25,7430.000000,7509.000000,7369.000000,7401.000000,7350.755859,1130200
2021-08-26,7498.000000,7544.000000,7436.000000,7535.000000,7483.846191,1438700
2021-08-27,7527.000000,7573.000000,7468.000000,7494.000000,7443.124512,1327100
2021-08-30,7570.000000,7657.000000,7491.000000,7521.000000,7469.940918,3443700
2021-08-31,7413.000000,7476.000000,7334.000000,7431.000000,7380.552246,1901300
2021-09-01,7383.000000,7474.000000,7366.000000,7420.000000,7369.626953,1286100
2021-09-02,6901.000000,6968.000000,6780.000000,6908.000000,6861.102539,9266600
2021-09-03,6948.000000,6990.000000,6881.000000,6889.000000,6842.231445,3784300
2021-09-06,6965.000000,6965.000000,6900.000000,6918.000000,6871.034668,2112500
2021-09-07,6970.000000,7138.000000,6935.000000,7131.000000,7082.588867,3975200
2021-09-08,7201.000000,7225.000000,7061.000000,7124.000000,7075.636230,3595200
2021-09-09,7080.000000,7134.000000,7071.000000,7089.000000,7040.874023,1845100
2021-09-10,7055.000000,7135.000000,7055.000000,7094.000000,7045.839844,1993700
2021-09-13,7105.000000,7110.000000,7022.000000,7048.000000,7000.152344,1506700
2021-09-14,7063.000000,7088.000000,6988.000000,7031.000000,6983.267578,2343600
2021-09-15,6957.000000,6977.000000,6876.000000,6876.000000,6829.319824,2899500
2021-09-16,6880.000000,6929.000000,6860.000000,6912.000000,6865.075684,1715400
2021-09-17,6957.000000,6969.000000,6879.000000,6958.000000,6910.763184,2015500
2021-09-21,6888.000000,7095.000000,6882.000000,7088.000000,7039.880859,2352500
2021-09-22,7086.000000,7138.000000,7007.000000,7035.000000,6987.240234,1453700
2021-09-24,7158.000000,7162.000000,7088.000000,7136.000000,7087.554688,1808400
2021-09-27,7242.000000,7488.000000,7232.000000,7374.000000,7323.938965,3120800
2021-09-28,7494.000000,7508.000000,7350.000000,7365.000000,7315.000000,2673400
2021-09-29,7338.000000,7535.000000,7302.000000,7535.000000,7535.000000,2903600
2021-09-30,7578.000000,7938.000000,7565.000000,7842.000000,7842.000000,5523500
2021-10-01,7714.000000,7760.000000,7571.000000,7643.000000,7643.000000,3297900
2021-10-04,7888.000000,7919.000000,7719.000000,7871.000000,7871.000000,3069700
2021-10-05,7809.000000,7838.000000,7614.000000,7733.000000,7733.000000,2593200
2021-10-06,7747.000000,7748.000000,7360.000000,7423.000000,7423.000000,3052200
2021-10-07,7404.000000,7417.000000,7252.000000,7296.000000,7296.000000,2045300
2021-10-08,7324.000000,7422.000000,7293.000000,7308.000000,7308.000000,1554000
2021-10-11,7372.000000,7409.000000,7273.000000,7409.000000,7409.000000,1381800
2021-10-12,7412.000000,7431.000000,7322.000000,7354.000000,7354.000000,1311600
2021-10-13,7349.000000,7391.000000,7240.000000,7252.000000,7252.000000,1215500
2021-10-14,7199.000000,7257.000000,7128.000000,7226.000000,7226.000000,1559400
2021-10-15,7280.000000,7320.000000,7217.000000,7271.000000,7271.000000,1130900
2021-10-18,7327.000000,7355.000000,7197.000000,7226.000000,7226.000000,1385800
2021-10-19,7208.000000,7244.000000,7093.000000,7138.000000,7138.000000,1522100
2021-10-20,7139.000000,7479.000000,7065.000000,7414.000000,7414.000000,3012700
2021-10-21,7395.000000,7424.000000,7271.000000,7323.000000,7323.000000,1599500
2021-10-22,7292.000000,7374.000000,7240.000000,7270.000000,7270.000000,1477200
2021-10-25,7259.000000,7334.000000,7232.000000,7256.000000,7256.000000,836500
2021-10-26,7305.000000,7356.000000,7250.000000,7281.000000,7281.000000,1385500
2021-10-27,7266.000000,7266.000000,7125.000000,7205.000000,7205.000000,1335500
2021-10-28,7108.000000,7268.000000,7106.000000,7202.000000,7202.000000,1347200
2021-10-29,7099.000000,7139.000000,6990.000000,7088.000000,7088.000000,2730700
2021-11-01,7125.000000,7266.000000,7085.000000,7261.000000,7261.000000,1872500
2021-11-02,7300.000000,7387.000000,7283.000000,7297.000000,7297.000000,1421100
2021-11-04,7381.000000,7402.000000,7274.000000,7299.000000,7299.000000,1677000
2021-11-05,7263.000000,7267.000000,7157.000000,7193.000000,7193.000000,1291600
2021-11-08,7338.000000,7397.000000,7285.000000,7337.000000,7337.000000,2036800
2021-11-09,7359.000000,7359.000000,7184.000000,7192.000000,7192.000000,1544000
2021-11-10,7202.000000,7229.000000,7088.000000,7103.000000,7103.000000,1239400
2021-11-11,7083.000000,7166.000000,7078.000000,7118.000000,7118.000000,979400
2021-11-12,7100.000000,7209.000000,7097.000000,7139.000000,7139.000000,1124600
2021-11-15,7189.000000,7238.000000,7161.000000,7187.000000,7187.000000,1159100
2021-11-16,7176.000000,7186.000000,7116.000000,7132.000000,7132.000000,993200
2021-11-17,7125.000000,7157.000000,7043.000000,7046.000000,7046.000000,1451800
2021-11-18,7037.000000,7102.000000,7003.000000,7084.000000,7084.000000,1093700
2021-11-19,7050.000000,7090.000000,6992.000000,7018.000000,7018.000000,1287200
2021-11-22,6990.000000,7047.000000,6921.000000,7033.000000,7033.000000,1243800
2021-11-24,7089.000000,7171.000000,7076.000000,7119.000000,7119.000000,1423300
2021-11-25,7147.000000,7310.000000,7121.000000,7306.000000,7306.000000,1907400
2021-11-26,7304.000000,7304.000000,7056.000000,7131.000000,7131.000000,2284600
2021-11-29,6977.000000,7079.000000,6836.000000,6853.000000,6853.000000,3926400
2021-11-30,6999.000000,7164.000000,6980.000000,6986.000000,6986.000000,5178700
2021-12-01,6911.000000,7012.000000,6881.000000,6925.000000,6925.000000,2795700
2021-12-02,6824.000000,6834.000000,6685.000000,6685.000000,6685.000000,2829600
2021-12-03,6747.000000,6963.000000,6722.000000,6957.000000,6957.000000,1904500
2021-12-06,7009.000000,7031.000000,6920.000000,7006.000000,7006.000000,1420300
2021-12-07,7134.000000,7236.000000,7074.000000,7225.000000,7225.000000,2073500
2021-12-08,7227.000000,7257.000000,7133.000000,7150.000000,7150.000000,1429900
2021-12-09,7189.000000,7225.000000,7115.000000,7126.000000,7126.000000,1525000
2021-12-10,7092.000000,7144.000000,7038.000000,7090.000000,7090.000000,1125400
2021-12-13,7198.000000,7262.000000,7153.000000,7177.000000,7177.000000,1453200
2021-12-14,7138.000000,7154.000000,7031.000000,7074.000000,7074.000000,1245900
2021-12-15,7018.000000,7190.000000,7007.000000,7190.000000,7190.000000,1257600
2021-12-16,7213.000000,7286.000000,7207.000000,7280.000000,7280.000000,1268500
2021-12-17,7209.000000,7248.000000,7122.000000,7160.000000,7160.000000,1357800
2021-12-20,7065.000000,7124.000000,7000.000000,7022.000000,7022.000000,1402000
2021-12-21,7112.000000,7126.000000,7029.000000,7065.000000,7065.000000,1164700
2021-12-22,7113.000000,7135.000000,7047.000000,7080.000000,7080.000000,996300
2021-12-23,7080.000000,7106.000000,7054.000000,7105.000000,7105.000000,724800
2021-12-24,7128.000000,7136.000000,7001.000000,7003.000000,7003.000000,1239200
2021-12-27,7035.000000,7058.000000,6973.000000,7033.000000,7033.000000,1198500
2021-12-28,7064.000000,7097.000000,7051.000000,7087.000000,7087.000000,1183100
2021-12-29,7135.000000,7193.000000,7113.000000,7166.000000,7166.000000,1065000
2021-12-30,7090.000000,7124.000000,7031.000000,7073.000000,7073.000000,922600
2022-01-04,7170.000000,7170.000000,7033.000000,7066.000000,7066.000000,1219000
2022-01-05,7082.000000,7158.000000,7053.000000,7123.000000,7123.000000,1098500
2022-01-06,7031.000000,7052.000000,6911.000000,6947.000000,6947.000000,1861000
2022-01-07,6930.000000,6974.000000,6803.000000,6821.000000,6821.000000,1997400